state,date,ML,Low_90,High_90,Low_50,High_50
AN,2020-04-18 11:30:00+00:00,0.0,0.0,10.81,0.0,6.01
AN,2020-04-19 02:30:00+00:00,0.32,0.0,8.73,0.05,4.07
AN,2020-04-19 11:30:00+00:00,0.37,0.0,7.1000000000000005,0.05,3.24
AN,2020-04-20 02:30:00+00:00,0.41000000000000003,0.0,6.15,0.07,2.82
AN,2020-04-20 11:30:00+00:00,0.44,0.0,5.54,0.13,2.6
AN,2020-04-21 02:30:00+00:00,0.4,0.0,4.49,0.02,1.87
AN,2020-04-21 11:30:00+00:00,0.41000000000000003,0.0,4.5,0.05,1.9000000000000001
AN,2020-04-22 02:30:00+00:00,0.43,0.0,4.51,0.01,1.87
AN,2020-04-22 11:30:00+00:00,0.43,0.0,4.51,0.01,1.87
AN,2020-04-23 02:30:00+00:00,0.44,0.0,4.26,0.03,1.8
AN,2020-04-23 11:30:00+00:00,0.46,0.0,4.0600000000000005,0.03,1.73
AN,2020-04-24 02:30:00+00:00,0.61,0.0,4.34,0.12,2.06
AN,2020-04-24 11:30:00+00:00,0.66,0.0,4.0,0.15,1.94
AN,2020-04-25 02:30:00+00:00,0.7000000000000001,0.0,3.74,0.16,1.84
AN,2020-04-25 11:30:00+00:00,0.74,0.0,3.5500000000000003,0.14,1.74
AN,2020-04-26 02:30:00+00:00,0.77,0.0,3.39,0.16,1.69
AN,2020-04-26 11:30:00+00:00,0.5,0.0,3.02,0.14,1.45
AN,2020-04-27 02:30:00+00:00,0.5,0.0,2.98,0.1,1.4000000000000001
AN,2020-04-27 11:30:00+00:00,0.43,0.0,2.73,0.07,1.22
AN,2020-04-28 02:30:00+00:00,0.43,0.0,2.75,0.05,1.21
AN,2020-04-28 11:30:00+00:00,0.44,0.0,2.77,0.04,1.21
AN,2020-04-29 02:30:00+00:00,0.44,0.0,2.79,0.09,1.26
AN,2020-04-29 11:30:00+00:00,0.45,0.0,2.81,0.07,1.25
AN,2020-04-30 02:30:00+00:00,0.45,0.0,2.83,0.06,1.25
AN,2020-04-30 11:30:00+00:00,0.45,0.0,2.85,0.05,1.25
AN,2020-05-01 02:30:00+00:00,0.45,0.0,2.87,0.1,1.3
AN,2020-05-01 11:30:00+00:00,0.46,0.0,2.89,0.08,1.29
AN,2020-05-02 02:30:00+00:00,0.46,0.0,2.91,0.06,1.28
AN,2020-05-02 11:30:00+00:00,0.46,0.0,2.92,0.05,1.28
AN,2020-05-03 02:30:00+00:00,0.46,0.0,2.94,0.11,1.34
AN,2020-05-03 11:30:00+00:00,0.46,0.0,2.96,0.08,1.32
AN,2020-05-04 02:30:00+00:00,0.46,0.0,2.98,0.07,1.32
AN,2020-05-04 11:30:00+00:00,0.46,0.0,3.0,0.05,1.31
AN,2020-05-05 02:30:00+00:00,0.47000000000000003,0.0,3.02,0.11,1.37
AN,2020-05-05 11:30:00+00:00,0.47000000000000003,0.0,3.04,0.08,1.35
AN,2020-05-06 02:30:00+00:00,0.47000000000000003,0.0,3.0500000000000003,0.07,1.35
AN,2020-05-07 02:30:00+00:00,0.47000000000000003,0.0,3.0700000000000003,0.05,1.34
AN,2020-05-08 02:30:00+00:00,0.47000000000000003,0.0,3.09,0.1,1.3900000000000001
AN,2020-05-09 02:30:00+00:00,0.47000000000000003,0.0,3.11,0.08,1.3800000000000001
AN,2020-05-10 02:30:00+00:00,0.47000000000000003,0.0,3.13,0.06,1.37
AN,2020-05-11 02:30:00+00:00,0.47000000000000003,0.0,3.14,0.05,1.37
AN,2020-05-12 02:30:00+00:00,0.47000000000000003,0.0,3.16,0.09,1.41
AN,2020-05-13 02:30:00+00:00,0.47000000000000003,0.0,3.18,0.07,1.4000000000000001
AN,2020-05-14 02:30:00+00:00,0.48,0.0,3.2,0.06,1.4000000000000001
AN,2020-05-15 02:30:00+00:00,0.48,0.0,3.21,0.1,1.44
AN,2020-05-16 02:30:00+00:00,0.48,0.0,3.23,0.08,1.43
AN,2020-05-17 02:30:00+00:00,0.48,0.0,3.25,0.06,1.42
AN,2020-05-18 02:30:00+00:00,0.48,0.0,3.27,0.12,1.48
AN,2020-05-19 02:30:00+00:00,0.48,0.0,3.2800000000000002,0.08,1.45
AN,2020-05-20 02:30:00+00:00,0.48,0.0,3.3000000000000003,0.06,1.44
AN,2020-05-21 02:30:00+00:00,0.48,0.0,3.3200000000000003,0.13,1.51
AN,2020-05-22 02:30:00+00:00,0.48,0.0,3.33,0.09,1.48
AN,2020-05-23 02:30:00+00:00,0.48,0.0,3.35,0.07,1.47
AN,2020-05-24 02:30:00+00:00,0.48,0.0,3.37,0.05,1.46
AN,2020-05-25 02:30:00+00:00,0.48,0.0,3.38,0.09,1.5
AN,2020-05-26 02:30:00+00:00,0.48,0.0,3.4,0.07,1.49
AN,2020-05-27 02:30:00+00:00,0.49,0.0,3.41,0.05,1.48
AN,2020-05-28 02:30:00+00:00,0.49,0.0,3.43,0.09,1.52
AN,2020-05-29 02:30:00+00:00,0.49,0.0,3.45,0.06,1.5
AN,2020-05-30 02:30:00+00:00,0.49,0.0,3.46,0.12,1.56
AN,2020-05-31 02:30:00+00:00,0.49,0.0,3.48,0.08,1.53
AP,2020-03-30 16:00:00+00:00,0.0,0.0,10.81,0.0,6.01
AP,2020-03-31 15:00:00+00:00,2.84,0.1,5.21,1.52,3.86
AP,2020-04-01 03:30:00+00:00,1.85,0.04,3.58,0.91,2.5500000000000003
AP,2020-04-01 14:00:00+00:00,1.9100000000000001,0.22,3.4,1.1,2.5100000000000002
AP,2020-04-02 03:30:00+00:00,1.51,0.06,2.74,0.81,2.02
AP,2020-04-02 12:30:00+00:00,1.3900000000000001,0.08,2.5300000000000002,0.71,1.82
AP,2020-04-03 03:30:00+00:00,1.31,0.06,2.36,0.65,1.69
AP,2020-04-03 12:30:00+00:00,1.33,0.1,2.34,0.76,1.75
AP,2020-04-04 03:30:00+00:00,1.19,0.06,2.15,0.62,1.56
AP,2020-04-04 12:30:00+00:00,1.23,0.1,2.17,0.67,1.59
AP,2020-04-05 03:30:00+00:00,1.12,0.1,2.06,0.63,1.51
AP,2020-04-05 12:30:00+00:00,1.36,0.24,2.3000000000000003,0.87,1.75
AP,2020-04-06 03:30:00+00:00,1.36,0.28,2.29,0.8200000000000001,1.68
AP,2020-04-06 12:30:00+00:00,1.41,0.34,2.32,0.92,1.75
AP,2020-04-07 03:30:00+00:00,1.34,0.29,2.21,0.84,1.6500000000000001
AP,2020-04-07 12:30:00+00:00,1.29,0.27,2.14,0.81,1.6
AP,2020-04-08 02:30:00+00:00,1.1500000000000001,0.15,1.95,0.73,1.5
AP,2020-04-08 11:30:00+00:00,1.08,0.13,1.8800000000000001,0.59,1.36
AP,2020-04-09 02:30:00+00:00,0.91,0.01,1.6600000000000001,0.44,1.19
AP,2020-04-09 11:30:00+00:00,0.79,0.0,1.58,0.35000000000000003,1.08
AP,2020-04-10 02:30:00+00:00,0.56,0.0,1.47,0.22,0.9
AP,2020-04-10 11:30:00+00:00,0.49,0.0,1.45,0.15,0.8200000000000001
AP,2020-04-11 02:30:00+00:00,0.36,0.0,1.35,0.05,0.66
AP,2020-04-11 11:30:00+00:00,0.52,0.0,1.53,0.16,0.86
AP,2020-04-12 02:30:00+00:00,0.71,0.0,1.6500000000000001,0.27,1.03
AP,2020-04-12 11:30:00+00:00,0.8,0.0,1.71,0.31,1.1
AP,2020-04-13 02:30:00+00:00,1.03,0.07,1.92,0.56,1.3900000000000001
AP,2020-04-13 11:30:00+00:00,1.08,0.07,1.94,0.6,1.43
AP,2020-04-14 02:30:00+00:00,1.18,0.19,2.09,0.6900000000000001,1.52
AP,2020-04-14 11:30:00+00:00,1.2,0.19,2.08,0.7000000000000001,1.52
AP,2020-04-15 02:30:00+00:00,1.12,0.11,1.94,0.63,1.43
AP,2020-04-15 11:30:00+00:00,1.04,0.09,1.86,0.54,1.33
AP,2020-04-16 02:30:00+00:00,1.03,0.06,1.82,0.5700000000000001,1.35
AP,2020-04-16 11:30:00+00:00,0.85,0.0,1.6400000000000001,0.41000000000000003,1.16
AP,2020-04-17 02:30:00+00:00,0.91,0.05,1.73,0.42,1.19
AP,2020-04-17 11:30:00+00:00,0.91,0.0,1.69,0.43,1.2
AP,2020-04-18 02:30:00+00:00,0.84,0.0,1.6500000000000001,0.36,1.12
AP,2020-04-18 11:30:00+00:00,0.91,0.06,1.75,0.46,1.23
AP,2020-04-19 02:30:00+00:00,1.19,0.21,2.06,0.74,1.54
AP,2020-04-19 11:30:00+00:00,1.25,0.24,2.1,0.79,1.58
AP,2020-04-20 02:30:00+00:00,1.49,0.51,2.37,1.03,1.8
AP,2020-04-20 11:30:00+00:00,1.44,0.47000000000000003,2.27,1.02,1.76
AP,2020-04-21 02:30:00+00:00,1.45,0.5,2.25,1.02,1.74
AP,2020-04-21 11:30:00+00:00,1.25,0.37,2.06,0.87,1.57
AP,2020-04-22 02:30:00+00:00,1.21,0.32,1.99,0.78,1.48
AP,2020-04-22 11:30:00+00:00,1.1400000000000001,0.23,1.8800000000000001,0.75,1.44
AP,2020-04-23 02:30:00+00:00,1.34,0.43,2.1,0.91,1.6
AP,2020-04-23 11:30:00+00:00,1.28,0.43,2.06,0.85,1.53
AP,2020-04-24 02:30:00+00:00,1.4000000000000001,0.55,2.16,1.03,1.69
AP,2020-04-24 11:30:00+00:00,1.33,0.48,2.06,0.9400000000000001,1.59
AP,2020-04-25 02:30:00+00:00,1.33,0.52,2.07,0.9500000000000001,1.59
AP,2020-04-25 11:30:00+00:00,1.12,0.31,1.83,0.77,1.4000000000000001
AP,2020-04-26 02:30:00+00:00,1.16,0.34,1.87,0.8300000000000001,1.46
AP,2020-04-26 11:30:00+00:00,1.01,0.18,1.68,0.65,1.28
AP,2020-04-27 02:30:00+00:00,1.1,0.26,1.79,0.71,1.35
AP,2020-04-27 11:30:00+00:00,0.98,0.2,1.69,0.58,1.22
AP,2020-04-28 02:30:00+00:00,1.17,0.37,1.9100000000000001,0.8,1.44
AP,2020-04-28 11:30:00+00:00,1.11,0.3,1.82,0.71,1.35
AP,2020-04-29 02:30:00+00:00,1.1500000000000001,0.34,1.86,0.79,1.42
AP,2020-04-29 11:30:00+00:00,0.97,0.18,1.6500000000000001,0.5700000000000001,1.2
AP,2020-04-30 02:30:00+00:00,1.03,0.21,1.71,0.67,1.3
AP,2020-04-30 11:30:00+00:00,0.89,0.09,1.54,0.5,1.1300000000000001
AP,2020-05-01 02:30:00+00:00,0.9400000000000001,0.16,1.6300000000000001,0.53,1.17
AP,2020-05-01 11:30:00+00:00,0.8,0.03,1.44,0.41000000000000003,1.04
AP,2020-05-02 02:30:00+00:00,0.89,0.09,1.56,0.47000000000000003,1.12
AP,2020-05-02 11:30:00+00:00,0.79,0.02,1.44,0.37,1.01
AP,2020-05-03 02:30:00+00:00,0.92,0.11,1.61,0.5,1.16
AP,2020-05-03 11:30:00+00:00,0.8200000000000001,0.05,1.49,0.39,1.04
AP,2020-05-04 02:30:00+00:00,0.98,0.13,1.67,0.62,1.28
AP,2020-05-04 11:30:00+00:00,0.91,0.08,1.58,0.49,1.1500000000000001
AP,2020-05-05 02:30:00+00:00,1.02,0.18,1.73,0.65,1.31
AP,2020-05-05 11:30:00+00:00,1.08,0.25,1.81,0.6900000000000001,1.35
AP,2020-05-06 02:30:00+00:00,1.23,0.39,1.96,0.85,1.5
AP,2020-05-07 02:30:00+00:00,1.25,0.43,1.97,0.85,1.49
AP,2020-05-08 02:30:00+00:00,1.35,0.55,2.06,0.99,1.61
AP,2020-05-09 02:30:00+00:00,1.25,0.45,1.93,0.88,1.49
AP,2020-05-10 02:30:00+00:00,1.28,0.5,1.96,0.92,1.52
AP,2020-05-11 02:30:00+00:00,1.2,0.42,1.86,0.86,1.45
AP,2020-05-12 02:30:00+00:00,1.21,0.44,1.87,0.85,1.44
AP,2020-05-13 02:30:00+00:00,1.33,0.5700000000000001,1.98,0.97,1.55
AP,2020-05-14 02:30:00+00:00,1.3800000000000001,0.64,2.02,1.03,1.6
AP,2020-05-15 02:30:00+00:00,1.37,0.65,2.0,1.01,1.57
AP,2020-05-16 02:30:00+00:00,1.33,0.62,1.95,0.98,1.53
AP,2020-05-17 02:30:00+00:00,1.22,0.52,1.83,0.89,1.43
AP,2020-05-18 02:30:00+00:00,1.1500000000000001,0.44,1.75,0.8200000000000001,1.36
AP,2020-05-19 02:30:00+00:00,1.05,0.34,1.6500000000000001,0.72,1.26
AP,2020-05-20 02:30:00+00:00,0.99,0.28,1.59,0.7000000000000001,1.24
AP,2020-05-21 02:30:00+00:00,0.99,0.27,1.59,0.65,1.2
AP,2020-05-22 02:30:00+00:00,0.97,0.26,1.58,0.64,1.19
AP,2020-05-23 02:30:00+00:00,1.32,0.61,1.94,0.97,1.52
AP,2020-05-24 02:30:00+00:00,1.55,0.88,2.16,1.22,1.75
AP,2020-05-25 02:30:00+00:00,1.61,0.96,2.19,1.29,1.8
AP,2020-05-26 02:30:00+00:00,1.53,0.9,2.09,1.24,1.73
AP,2020-05-27 02:30:00+00:00,1.41,0.81,1.97,1.12,1.6
AP,2020-05-28 02:30:00+00:00,1.3,0.6900000000000001,1.84,1.05,1.52
AP,2020-05-29 02:30:00+00:00,1.27,0.67,1.81,0.99,1.46
AP,2020-05-30 02:30:00+00:00,1.2,0.63,1.76,0.91,1.3800000000000001
AP,2020-05-31 02:30:00+00:00,1.43,0.84,1.96,1.17,1.6300000000000001
AR,2020-05-31 02:30:00+00:00,0.0,0.0,10.81,0.0,6.01
AS,2020-05-18 02:30:00+00:00,0.0,0.0,10.81,0.0,6.01
AS,2020-05-19 02:30:00+00:00,3.62,0.67,6.0200000000000005,2.3000000000000003,4.59
AS,2020-05-20 02:30:00+00:00,3.75,1.79,5.45,2.95,4.45
AS,2020-05-21 02:30:00+00:00,3.5,2.06,4.79,2.88,4.0
AS,2020-05-22 02:30:00+00:00,3.12,1.95,4.16,2.58,3.49
AS,2020-05-23 02:30:00+00:00,3.09,2.14,3.99,2.67,3.43
AS,2020-05-24 02:30:00+00:00,2.85,1.99,3.6,2.48,3.14
AS,2020-05-25 02:30:00+00:00,2.79,2.02,3.45,2.43,3.02
AS,2020-05-26 02:30:00+00:00,2.5300000000000002,1.83,3.13,2.25,2.7800000000000002
AS,2020-05-27 02:30:00+00:00,2.34,1.69,2.9,2.0300000000000002,2.5300000000000002
AS,2020-05-28 02:30:00+00:00,2.13,1.52,2.66,1.84,2.31
AS,2020-05-29 02:30:00+00:00,1.93,1.33,2.43,1.67,2.12
AS,2020-05-30 02:30:00+00:00,1.73,1.1500000000000001,2.22,1.46,1.9000000000000001
AS,2020-05-31 02:30:00+00:00,1.6300000000000001,1.06,2.11,1.3800000000000001,1.81
BR,2020-04-23 11:30:00+00:00,0.0,0.0,10.81,0.0,6.01
BR,2020-04-24 02:30:00+00:00,2.56,0.06,4.7700000000000005,1.28,3.45
BR,2020-04-24 11:30:00+00:00,2.4,0.42,4.12,1.54,3.13
BR,2020-04-25 02:30:00+00:00,2.0,0.33,3.36,1.29,2.58
BR,2020-04-25 11:30:00+00:00,1.71,0.26,2.88,1.09,2.21
BR,2020-04-26 02:30:00+00:00,1.36,0.15,2.43,0.77,1.78
BR,2020-04-26 11:30:00+00:00,1.37,0.19,2.38,0.78,1.74
BR,2020-04-27 02:30:00+00:00,1.3,0.19,2.27,0.75,1.6600000000000001
BR,2020-04-27 11:30:00+00:00,1.49,0.36,2.45,0.9500000000000001,1.83
BR,2020-04-28 02:30:00+00:00,1.46,0.38,2.38,0.9400000000000001,1.78
BR,2020-04-28 11:30:00+00:00,1.32,0.3,2.21,0.8200000000000001,1.6300000000000001
BR,2020-04-29 02:30:00+00:00,1.12,0.14,1.94,0.68,1.46
BR,2020-04-29 11:30:00+00:00,1.0,0.07,1.79,0.52,1.29
BR,2020-04-30 02:30:00+00:00,0.77,0.0,1.56,0.29,1.02
BR,2020-04-30 11:30:00+00:00,0.89,0.03,1.69,0.43,1.19
BR,2020-05-01 02:30:00+00:00,0.89,0.01,1.68,0.45,1.21
BR,2020-05-01 11:30:00+00:00,0.9500000000000001,0.03,1.74,0.53,1.3
BR,2020-05-02 02:30:00+00:00,0.88,0.0,1.67,0.44,1.2
BR,2020-05-02 11:30:00+00:00,0.8200000000000001,0.0,1.6300000000000001,0.37,1.12
BR,2020-05-03 02:30:00+00:00,0.76,0.0,1.6,0.29,1.03
BR,2020-05-03 11:30:00+00:00,0.6900000000000001,0.0,1.56,0.22,0.9500000000000001
BR,2020-05-04 02:30:00+00:00,0.54,0.0,1.49,0.16,0.85
BR,2020-05-04 11:30:00+00:00,0.63,0.0,1.56,0.24,0.96
BR,2020-05-05 02:30:00+00:00,0.49,0.0,1.49,0.16,0.84
BR,2020-05-05 11:30:00+00:00,0.45,0.0,1.47,0.1,0.77
BR,2020-05-06 02:30:00+00:00,0.46,0.0,1.5,0.13,0.81
BR,2020-05-07 02:30:00+00:00,0.55,0.0,1.57,0.17,0.89
BR,2020-05-08 02:30:00+00:00,1.25,0.17,2.18,0.71,1.59
BR,2020-05-09 02:30:00+00:00,1.78,0.68,2.74,1.28,2.13
BR,2020-05-10 02:30:00+00:00,2.2800000000000002,1.32,3.19,1.84,2.61
BR,2020-05-11 02:30:00+00:00,2.56,1.7,3.37,2.15,2.84
BR,2020-05-12 02:30:00+00:00,2.46,1.6500000000000001,3.16,2.09,2.71
BR,2020-05-13 02:30:00+00:00,2.16,1.44,2.83,1.85,2.42
BR,2020-05-14 02:30:00+00:00,1.97,1.28,2.6,1.69,2.23
BR,2020-05-15 02:30:00+00:00,1.75,1.05,2.33,1.41,1.94
BR,2020-05-16 02:30:00+00:00,1.71,1.06,2.3000000000000003,1.41,1.92
BR,2020-05-17 02:30:00+00:00,1.68,1.05,2.2600000000000002,1.3800000000000001,1.8800000000000001
BR,2020-05-18 02:30:00+00:00,1.74,1.11,2.29,1.43,1.92
BR,2020-05-19 02:30:00+00:00,1.96,1.36,2.49,1.6600000000000001,2.13
BR,2020-05-20 02:30:00+00:00,2.06,1.49,2.56,1.8,2.24
BR,2020-05-21 02:30:00+00:00,2.0100000000000002,1.45,2.47,1.75,2.17
BR,2020-05-22 02:30:00+00:00,1.94,1.42,2.39,1.69,2.09
BR,2020-05-23 02:30:00+00:00,1.6600000000000001,1.16,2.1,1.41,1.8
BR,2020-05-24 02:30:00+00:00,1.47,0.96,1.8900000000000001,1.25,1.6300000000000001
BR,2020-05-25 02:30:00+00:00,1.16,0.66,1.59,0.9400000000000001,1.32
BR,2020-05-26 02:30:00+00:00,0.98,0.48,1.42,0.73,1.12
BR,2020-05-27 02:30:00+00:00,0.86,0.33,1.29,0.59,0.99
BR,2020-05-28 02:30:00+00:00,0.86,0.35000000000000003,1.32,0.63,1.03
BR,2020-05-29 02:30:00+00:00,0.88,0.37,1.35,0.61,1.02
BR,2020-05-30 02:30:00+00:00,0.98,0.44,1.43,0.72,1.1300000000000001
BR,2020-05-31 02:30:00+00:00,1.01,0.5,1.48,0.74,1.1500000000000001
CH,2020-05-25 02:30:00+00:00,0.0,0.0,10.81,0.0,6.01
CH,2020-05-26 02:30:00+00:00,1.67,0.0,4.34,0.34,2.41
CH,2020-05-27 02:30:00+00:00,1.6400000000000001,0.0,3.47,0.68,2.32
CH,2020-05-28 02:30:00+00:00,1.18,0.0,2.7600000000000002,0.38,1.68
CH,2020-05-29 02:30:00+00:00,0.56,0.0,2.2800000000000002,0.12,1.17
CH,2020-05-30 02:30:00+00:00,0.42,0.0,1.98,0.08,0.96
CH,2020-05-31 02:30:00+00:00,0.33,0.0,1.69,0.04,0.75
CT,2020-05-19 02:30:00+00:00,0.0,0.0,10.81,0.0,6.01
CT,2020-05-20 02:30:00+00:00,2.84,0.1,5.21,1.52,3.86
CT,2020-05-21 02:30:00+00:00,3.09,0.93,4.97,2.1,3.79
CT,2020-05-22 02:30:00+00:00,3.0500000000000003,1.36,4.5,2.31,3.6
CT,2020-05-23 02:30:00+00:00,2.87,1.53,4.08,2.2600000000000002,3.31
CT,2020-05-24 02:30:00+00:00,2.73,1.62,3.7800000000000002,2.21,3.1
CT,2020-05-25 02:30:00+00:00,2.38,1.35,3.27,1.9100000000000001,2.7
CT,2020-05-26 02:30:00+00:00,2.07,1.1300000000000001,2.89,1.68,2.4
CT,2020-05-27 02:30:00+00:00,1.69,0.8,2.47,1.26,1.95
CT,2020-05-28 02:30:00+00:00,1.42,0.54,2.17,1.02,1.69
CT,2020-05-29 02:30:00+00:00,1.21,0.39,1.99,0.79,1.46
CT,2020-05-30 02:30:00+00:00,1.11,0.25,1.84,0.7000000000000001,1.37
CT,2020-05-31 02:30:00+00:00,0.99,0.12,1.68,0.58,1.25
DL,2020-03-30 05:00:00+00:00,0.0,0.0,10.81,0.0,6.01
DL,2020-03-30 16:00:00+00:00,3.44,0.67,5.82,2.21,4.42
DL,2020-03-31 15:00:00+00:00,2.31,0.33,3.92,1.3900000000000001,2.94
DL,2020-04-01 03:30:00+00:00,2.35,0.74,3.77,1.62,2.88
DL,2020-04-01 14:00:00+00:00,2.11,0.72,3.3200000000000003,1.55,2.62
DL,2020-04-02 03:30:00+00:00,1.74,0.49,2.81,1.22,2.18
DL,2020-04-02 12:30:00+00:00,2.12,1.02,3.13,1.6,2.47
DL,2020-04-03 03:30:00+00:00,2.2800000000000002,1.29,3.18,1.81,2.59
DL,2020-04-03 12:30:00+00:00,2.23,1.31,3.0300000000000002,1.79,2.5
DL,2020-04-04 03:30:00+00:00,2.19,1.35,2.93,1.8,2.45
DL,2020-04-04 12:30:00+00:00,1.78,1.0,2.49,1.46,2.07
DL,2020-04-05 03:30:00+00:00,1.45,0.66,2.12,1.09,1.69
DL,2020-04-05 12:30:00+00:00,1.06,0.29,1.73,0.7000000000000001,1.3
DL,2020-04-06 03:30:00+00:00,0.6900000000000001,0.0,1.29,0.29,0.88
DL,2020-04-06 12:30:00+00:00,0.53,0.0,1.22,0.18,0.75
DL,2020-04-07 03:30:00+00:00,0.5,0.0,1.24,0.14,0.72
DL,2020-04-07 12:30:00+00:00,0.67,0.0,1.3900000000000001,0.34,0.97
DL,2020-04-08 02:30:00+00:00,0.84,0.04,1.55,0.4,1.08
DL,2020-04-08 11:30:00+00:00,1.02,0.16,1.77,0.59,1.29
DL,2020-04-09 02:30:00+00:00,1.57,0.7000000000000001,2.37,1.1500000000000001,1.84
DL,2020-04-09 11:30:00+00:00,1.71,0.87,2.45,1.32,1.97
DL,2020-04-10 02:30:00+00:00,1.76,0.98,2.47,1.43,2.04
DL,2020-04-10 11:30:00+00:00,1.82,1.05,2.47,1.49,2.07
DL,2020-04-11 02:30:00+00:00,1.52,0.81,2.17,1.2,1.76
DL,2020-04-11 11:30:00+00:00,1.45,0.73,2.07,1.1300000000000001,1.68
DL,2020-04-12 02:30:00+00:00,1.24,0.56,1.8800000000000001,0.89,1.44
DL,2020-04-12 11:30:00+00:00,1.49,0.8,2.11,1.16,1.7
DL,2020-04-13 02:30:00+00:00,1.67,1.01,2.2800000000000002,1.3900000000000001,1.9100000000000001
DL,2020-04-13 11:30:00+00:00,1.73,1.1,2.32,1.46,1.96
DL,2020-04-14 02:30:00+00:00,1.46,0.8200000000000001,2.0100000000000002,1.16,1.6500000000000001
DL,2020-04-14 11:30:00+00:00,1.16,0.54,1.72,0.85,1.34
DL,2020-04-15 02:30:00+00:00,0.65,0.04,1.1500000000000001,0.37,0.85
DL,2020-04-15 11:30:00+00:00,0.28,0.0,0.87,0.06,0.46
DL,2020-04-16 02:30:00+00:00,0.06,0.0,0.61,0.0,0.24
DL,2020-04-16 11:30:00+00:00,0.24,0.0,0.77,0.01,0.35000000000000003
DL,2020-04-17 02:30:00+00:00,0.29,0.0,0.88,0.06,0.45
DL,2020-04-17 11:30:00+00:00,0.7000000000000001,0.09,1.4000000000000001,0.39,0.96
DL,2020-04-18 02:30:00+00:00,1.0,0.23,1.7,0.64,1.26
DL,2020-04-18 11:30:00+00:00,1.3900000000000001,0.6,2.09,1.06,1.67
DL,2020-04-19 02:30:00+00:00,1.37,0.64,2.06,1.01,1.6
DL,2020-04-19 11:30:00+00:00,1.3900000000000001,0.6900000000000001,2.06,1.03,1.6
DL,2020-04-20 02:30:00+00:00,1.09,0.38,1.72,0.73,1.29
DL,2020-04-20 11:30:00+00:00,0.97,0.27,1.6,0.62,1.18
DL,2020-04-21 02:30:00+00:00,0.64,0.02,1.21,0.3,0.84
DL,2020-04-21 11:30:00+00:00,0.74,0.05,1.33,0.37,0.9400000000000001
DL,2020-04-22 02:30:00+00:00,0.62,0.0,1.22,0.24,0.8
DL,2020-04-22 11:30:00+00:00,0.91,0.15,1.55,0.56,1.16
DL,2020-04-23 02:30:00+00:00,0.92,0.19,1.59,0.5700000000000001,1.17
DL,2020-04-23 11:30:00+00:00,1.24,0.46,1.9100000000000001,0.87,1.47
DL,2020-04-24 02:30:00+00:00,1.21,0.47000000000000003,1.8800000000000001,0.88,1.46
DL,2020-04-24 11:30:00+00:00,1.34,0.6,1.98,0.99,1.56
DL,2020-04-25 02:30:00+00:00,1.17,0.45,1.8,0.8200000000000001,1.3800000000000001
DL,2020-04-25 11:30:00+00:00,1.5,0.81,2.13,1.22,1.76
DL,2020-04-26 02:30:00+00:00,1.44,0.77,2.05,1.11,1.6400000000000001
DL,2020-04-26 11:30:00+00:00,1.74,1.07,2.31,1.43,1.94
DL,2020-04-27 02:30:00+00:00,1.59,0.9500000000000001,2.14,1.29,1.78
DL,2020-04-27 11:30:00+00:00,1.62,1.02,2.17,1.31,1.79
DL,2020-04-28 02:30:00+00:00,1.31,0.72,1.85,1.01,1.48
DL,2020-04-28 11:30:00+00:00,1.22,0.61,1.74,0.91,1.3800000000000001
DL,2020-04-29 02:30:00+00:00,0.84,0.22,1.35,0.55,1.02
DL,2020-04-29 11:30:00+00:00,0.8,0.17,1.32,0.52,1.0
DL,2020-04-30 02:30:00+00:00,0.47000000000000003,0.0,0.99,0.23,0.68
DL,2020-04-30 11:30:00+00:00,0.65,0.05,1.18,0.34,0.84
DL,2020-05-01 02:30:00+00:00,0.5700000000000001,0.0,1.1,0.31,0.8
DL,2020-05-01 11:30:00+00:00,1.34,0.67,1.95,1.01,1.54
DL,2020-05-02 02:30:00+00:00,1.54,0.88,2.1,1.25,1.75
DL,2020-05-02 11:30:00+00:00,2.13,1.52,2.66,1.84,2.31
DL,2020-05-03 02:30:00+00:00,2.0,1.45,2.5,1.71,2.15
DL,2020-05-03 11:30:00+00:00,2.0100000000000002,1.47,2.47,1.77,2.18
DL,2020-05-04 02:30:00+00:00,1.57,1.06,2.02,1.31,1.71
DL,2020-05-04 11:30:00+00:00,1.3900000000000001,0.9,1.85,1.17,1.56
DL,2020-05-05 02:30:00+00:00,1.25,0.75,1.7,1.03,1.42
DL,2020-05-05 11:30:00+00:00,1.58,1.07,2.0100000000000002,1.33,1.72
DL,2020-05-06 02:30:00+00:00,1.7,1.21,2.12,1.5,1.87
DL,2020-05-07 02:30:00+00:00,1.9100000000000001,1.47,2.33,1.68,2.04
DL,2020-05-08 02:30:00+00:00,1.75,1.3,2.13,1.55,1.8900000000000001
DL,2020-05-09 02:30:00+00:00,1.58,1.17,1.97,1.3900000000000001,1.72
DL,2020-05-10 02:30:00+00:00,1.34,0.93,1.72,1.1300000000000001,1.46
DL,2020-05-11 02:30:00+00:00,1.16,0.75,1.54,0.9500000000000001,1.28
DL,2020-05-12 02:30:00+00:00,1.19,0.79,1.58,0.98,1.31
DL,2020-05-13 02:30:00+00:00,1.3,0.87,1.6600000000000001,1.08,1.41
DL,2020-05-14 02:30:00+00:00,1.37,0.97,1.74,1.17,1.49
DL,2020-05-15 02:30:00+00:00,1.47,1.08,1.83,1.28,1.59
DL,2020-05-16 02:30:00+00:00,1.26,0.87,1.61,1.06,1.37
DL,2020-05-17 02:30:00+00:00,1.1500000000000001,0.74,1.48,0.93,1.24
DL,2020-05-18 02:30:00+00:00,1.05,0.65,1.3900000000000001,0.84,1.1500000000000001
DL,2020-05-19 02:30:00+00:00,1.02,0.63,1.37,0.81,1.12
DL,2020-05-20 02:30:00+00:00,1.2,0.79,1.53,0.99,1.3
DL,2020-05-21 02:30:00+00:00,1.3900000000000001,1.01,1.73,1.2,1.5
DL,2020-05-22 02:30:00+00:00,1.41,1.05,1.75,1.23,1.52
DL,2020-05-23 02:30:00+00:00,1.52,1.17,1.85,1.36,1.6400000000000001
DL,2020-05-24 02:30:00+00:00,1.23,0.88,1.55,1.05,1.33
DL,2020-05-25 02:30:00+00:00,1.1500000000000001,0.79,1.46,0.96,1.24
DL,2020-05-26 02:30:00+00:00,1.26,0.89,1.56,1.07,1.35
DL,2020-05-27 02:30:00+00:00,1.52,1.17,1.82,1.34,1.61
DL,2020-05-28 02:30:00+00:00,1.81,1.48,2.1,1.6300000000000001,1.8900000000000001
DL,2020-05-29 02:30:00+00:00,1.85,1.54,2.13,1.68,1.93
DL,2020-05-30 02:30:00+00:00,1.74,1.43,2.0,1.57,1.81
DL,2020-05-31 02:30:00+00:00,1.6400000000000001,1.34,1.8900000000000001,1.49,1.72
GA,2020-05-13 02:30:00+00:00,0.0,0.0,10.81,0.0,6.01
GA,2020-05-14 02:30:00+00:00,5.8500000000000005,0.14,10.18,2.92,7.9
GA,2020-05-15 02:30:00+00:00,4.57,0.17,8.17,2.44,6.15
GA,2020-05-16 02:30:00+00:00,3.83,0.27,6.7,2.27,5.16
GA,2020-05-17 02:30:00+00:00,3.83,0.77,6.3500000000000005,2.48,4.86
GA,2020-05-18 02:30:00+00:00,3.22,0.72,5.38,2.09,4.07
GA,2020-05-19 02:30:00+00:00,2.6,0.46,4.45,1.61,3.33
GA,2020-05-20 02:30:00+00:00,2.04,0.16,3.61,1.1400000000000001,2.68
GA,2020-05-21 02:30:00+00:00,1.68,0.03,3.11,0.9,2.31
GA,2020-05-22 02:30:00+00:00,1.41,0.01,2.81,0.5700000000000001,1.8900000000000001
GA,2020-05-23 02:30:00+00:00,1.36,0.0,2.72,0.56,1.84
GA,2020-05-24 02:30:00+00:00,1.1300000000000001,0.0,2.5300000000000002,0.32,1.52
GA,2020-05-25 02:30:00+00:00,1.09,0.0,2.49,0.32,1.5
GA,2020-05-26 02:30:00+00:00,1.06,0.0,2.46,0.35000000000000003,1.51
GA,2020-05-27 02:30:00+00:00,0.77,0.0,2.32,0.22,1.3
GA,2020-05-28 02:30:00+00:00,0.49,0.0,2.21,0.1,1.11
GA,2020-05-29 02:30:00+00:00,0.49,0.0,2.22,0.11,1.12
GA,2020-05-30 02:30:00+00:00,0.49,0.0,2.23,0.12,1.1300000000000001
GA,2020-05-31 02:30:00+00:00,0.5,0.0,2.24,0.14,1.1500000000000001
GJ,2020-04-08 11:30:00+00:00,0.0,0.0,10.81,0.0,6.01
GJ,2020-04-09 02:30:00+00:00,2.84,0.1,5.21,1.52,3.86
GJ,2020-04-09 11:30:00+00:00,3.31,1.1400000000000001,5.17,2.36,4.03
GJ,2020-04-10 02:30:00+00:00,3.0100000000000002,1.33,4.44,2.2600000000000002,3.54
GJ,2020-04-10 11:30:00+00:00,3.17,1.8800000000000001,4.36,2.59,3.61
GJ,2020-04-11 02:30:00+00:00,2.75,1.6600000000000001,3.7600000000000002,2.22,3.09
GJ,2020-04-11 11:30:00+00:00,2.62,1.6500000000000001,3.49,2.16,2.92
GJ,2020-04-12 02:30:00+00:00,2.21,1.3,2.98,1.8,2.49
GJ,2020-04-12 11:30:00+00:00,1.8900000000000001,1.04,2.62,1.5,2.15
GJ,2020-04-13 02:30:00+00:00,1.61,0.8200000000000001,2.34,1.22,1.85
GJ,2020-04-13 11:30:00+00:00,1.43,0.63,2.13,1.04,1.6600000000000001
GJ,2020-04-14 02:30:00+00:00,1.24,0.44,1.93,0.9,1.51
GJ,2020-04-14 11:30:00+00:00,1.34,0.55,2.04,1.0,1.61
GJ,2020-04-15 02:30:00+00:00,1.45,0.67,2.14,1.1300000000000001,1.73
GJ,2020-04-15 11:30:00+00:00,1.6,0.85,2.2800000000000002,1.25,1.84
GJ,2020-04-16 02:30:00+00:00,1.72,0.99,2.37,1.37,1.94
GJ,2020-04-16 11:30:00+00:00,1.67,0.96,2.29,1.32,1.87
GJ,2020-04-17 02:30:00+00:00,1.77,1.09,2.37,1.44,1.97
GJ,2020-04-17 11:30:00+00:00,1.77,1.1300000000000001,2.36,1.45,1.96
GJ,2020-04-18 02:30:00+00:00,1.8800000000000001,1.26,2.44,1.57,2.06
GJ,2020-04-18 11:30:00+00:00,1.8900000000000001,1.29,2.42,1.59,2.06
GJ,2020-04-19 02:30:00+00:00,1.83,1.27,2.35,1.54,1.99
GJ,2020-04-19 11:30:00+00:00,1.61,1.06,2.11,1.3800000000000001,1.81
GJ,2020-04-20 02:30:00+00:00,1.37,0.8200000000000001,1.86,1.11,1.54
GJ,2020-04-20 11:30:00+00:00,1.09,0.56,1.6,0.84,1.27
GJ,2020-04-21 02:30:00+00:00,0.9400000000000001,0.37,1.43,0.66,1.1
GJ,2020-04-21 11:30:00+00:00,0.8300000000000001,0.24,1.32,0.54,0.99
GJ,2020-04-22 02:30:00+00:00,0.74,0.15,1.23,0.44,0.9
GJ,2020-04-22 11:30:00+00:00,0.8300000000000001,0.22,1.34,0.53,1.0
GJ,2020-04-23 02:30:00+00:00,0.77,0.19,1.3,0.48,0.9500000000000001
GJ,2020-04-23 11:30:00+00:00,0.86,0.26,1.4000000000000001,0.55,1.03
GJ,2020-04-24 02:30:00+00:00,0.8,0.18,1.32,0.5,0.98
GJ,2020-04-24 11:30:00+00:00,1.01,0.37,1.54,0.72,1.2
GJ,2020-04-25 02:30:00+00:00,0.97,0.33,1.49,0.67,1.1500000000000001
GJ,2020-04-25 11:30:00+00:00,1.22,0.62,1.76,0.9400000000000001,1.41
GJ,2020-04-26 02:30:00+00:00,1.06,0.44,1.57,0.81,1.27
GJ,2020-04-26 11:30:00+00:00,1.24,0.63,1.75,0.96,1.42
GJ,2020-04-27 02:30:00+00:00,1.06,0.49,1.59,0.76,1.22
GJ,2020-04-27 11:30:00+00:00,1.1500000000000001,0.5700000000000001,1.67,0.9,1.35
GJ,2020-04-28 02:30:00+00:00,0.92,0.32,1.42,0.67,1.12
GJ,2020-04-28 11:30:00+00:00,1.18,0.6,1.7,0.9400000000000001,1.3900000000000001
GJ,2020-04-29 02:30:00+00:00,1.05,0.48,1.57,0.78,1.23
GJ,2020-04-29 11:30:00+00:00,1.36,0.78,1.86,1.07,1.52
GJ,2020-04-30 02:30:00+00:00,1.21,0.64,1.7,0.92,1.36
GJ,2020-04-30 11:30:00+00:00,1.43,0.88,1.92,1.17,1.6
GJ,2020-05-01 02:30:00+00:00,1.21,0.67,1.69,0.96,1.3800000000000001
GJ,2020-05-01 11:30:00+00:00,1.34,0.8,1.81,1.07,1.49
GJ,2020-05-02 02:30:00+00:00,1.07,0.55,1.55,0.85,1.26
GJ,2020-05-02 11:30:00+00:00,1.3,0.77,1.77,1.07,1.48
GJ,2020-05-03 02:30:00+00:00,1.08,0.55,1.54,0.8200000000000001,1.23
GJ,2020-05-03 11:30:00+00:00,1.31,0.77,1.76,1.04,1.45
GJ,2020-05-04 02:30:00+00:00,1.08,0.55,1.53,0.85,1.25
GJ,2020-05-04 11:30:00+00:00,1.34,0.8200000000000001,1.79,1.09,1.49
GJ,2020-05-05 02:30:00+00:00,1.44,0.9500000000000001,1.8900000000000001,1.2,1.59
GJ,2020-05-05 11:30:00+00:00,1.77,1.28,2.19,1.52,1.9000000000000001
GJ,2020-05-06 02:30:00+00:00,1.82,1.35,2.22,1.59,1.95
GJ,2020-05-07 02:30:00+00:00,1.94,1.52,2.34,1.73,2.07
GJ,2020-05-08 02:30:00+00:00,1.73,1.3,2.09,1.51,1.84
GJ,2020-05-09 02:30:00+00:00,1.58,1.17,1.94,1.3800000000000001,1.7
GJ,2020-05-10 02:30:00+00:00,1.28,0.89,1.6500000000000001,1.07,1.3900000000000001
GJ,2020-05-11 02:30:00+00:00,1.12,0.7000000000000001,1.47,0.91,1.23
GJ,2020-05-12 02:30:00+00:00,0.99,0.59,1.36,0.79,1.11
GJ,2020-05-13 02:30:00+00:00,0.92,0.51,1.29,0.74,1.06
GJ,2020-05-14 02:30:00+00:00,1.29,0.86,1.6400000000000001,1.09,1.41
GJ,2020-05-15 02:30:00+00:00,1.46,1.07,1.82,1.27,1.58
GJ,2020-05-16 02:30:00+00:00,1.56,1.17,1.9000000000000001,1.3800000000000001,1.68
GJ,2020-05-17 02:30:00+00:00,1.46,1.07,1.78,1.29,1.58
GJ,2020-05-18 02:30:00+00:00,1.18,0.81,1.51,1.0,1.29
GJ,2020-05-19 02:30:00+00:00,0.88,0.49,1.2,0.71,1.0
GJ,2020-05-20 02:30:00+00:00,0.66,0.26,0.99,0.48,0.78
GJ,2020-05-21 02:30:00+00:00,0.46,0.06,0.78,0.24,0.55
GJ,2020-05-22 02:30:00+00:00,0.67,0.24,1.02,0.48,0.8
GJ,2020-05-23 02:30:00+00:00,0.8300000000000001,0.41000000000000003,1.19,0.64,0.96
GJ,2020-05-24 02:30:00+00:00,0.9,0.47000000000000003,1.25,0.71,1.03
GJ,2020-05-25 02:30:00+00:00,0.9400000000000001,0.55,1.32,0.74,1.06
GJ,2020-05-26 02:30:00+00:00,0.96,0.56,1.33,0.76,1.08
GJ,2020-05-27 02:30:00+00:00,0.9500000000000001,0.55,1.32,0.75,1.07
GJ,2020-05-28 02:30:00+00:00,0.96,0.56,1.33,0.76,1.08
GJ,2020-05-29 02:30:00+00:00,0.97,0.54,1.32,0.77,1.09
GJ,2020-05-30 02:30:00+00:00,1.0,0.5700000000000001,1.35,0.8,1.12
GJ,2020-05-31 02:30:00+00:00,1.04,0.63,1.4000000000000001,0.8300000000000001,1.1500000000000001
HP,2020-05-20 02:30:00+00:00,0.0,0.0,10.81,0.0,6.01
HP,2020-05-21 02:30:00+00:00,2.88,0.22,5.03,1.75,3.88
HP,2020-05-22 02:30:00+00:00,2.46,0.49,4.09,1.6600000000000001,3.18
HP,2020-05-23 02:30:00+00:00,2.0300000000000002,0.42,3.35,1.28,2.52
HP,2020-05-24 02:30:00+00:00,1.72,0.33,2.87,1.07,2.15
HP,2020-05-25 02:30:00+00:00,1.55,0.3,2.6,0.96,1.94
HP,2020-05-26 02:30:00+00:00,1.3,0.14,2.23,0.75,1.6600000000000001
HP,2020-05-27 02:30:00+00:00,1.24,0.14,2.14,0.73,1.6
HP,2020-05-28 02:30:00+00:00,1.1400000000000001,0.1,2.0,0.63,1.47
HP,2020-05-29 02:30:00+00:00,1.06,0.08,1.9000000000000001,0.53,1.35
HP,2020-05-30 02:30:00+00:00,1.04,0.05,1.85,0.52,1.33
HP,2020-05-31 02:30:00+00:00,0.97,0.04,1.78,0.48,1.27
HR,2020-05-01 11:30:00+00:00,0.0,0.0,10.81,0.0,6.01
HR,2020-05-02 02:30:00+00:00,2.84,0.1,5.21,1.52,3.86
HR,2020-05-02 11:30:00+00:00,2.86,0.67,4.7,1.8800000000000001,3.58
HR,2020-05-03 02:30:00+00:00,2.41,0.65,3.89,1.6400000000000001,2.99
HR,2020-05-03 11:30:00+00:00,2.58,1.16,3.89,1.98,3.1
HR,2020-05-04 02:30:00+00:00,2.27,1.05,3.42,1.67,2.65
HR,2020-05-04 11:30:00+00:00,2.13,0.99,3.12,1.6600000000000001,2.5300000000000002
HR,2020-05-05 02:30:00+00:00,1.97,0.9500000000000001,2.9,1.52,2.32
HR,2020-05-05 11:30:00+00:00,1.76,0.77,2.61,1.36,2.11
HR,2020-05-06 02:30:00+00:00,1.57,0.64,2.4,1.18,1.9000000000000001
HR,2020-05-07 02:30:00+00:00,1.51,0.59,2.3000000000000003,1.11,1.81
HR,2020-05-08 02:30:00+00:00,1.31,0.42,2.09,0.9,1.59
HR,2020-05-09 02:30:00+00:00,1.3,0.44,2.09,0.92,1.6
HR,2020-05-10 02:30:00+00:00,1.25,0.36,2.0,0.8300000000000001,1.51
HR,2020-05-11 02:30:00+00:00,1.17,0.3,1.92,0.8200000000000001,1.49
HR,2020-05-12 02:30:00+00:00,1.1500000000000001,0.28,1.8900000000000001,0.78,1.45
HR,2020-05-13 02:30:00+00:00,1.05,0.22,1.8,0.68,1.35
HR,2020-05-14 02:30:00+00:00,1.04,0.16,1.75,0.62,1.3
HR,2020-05-15 02:30:00+00:00,1.03,0.14,1.73,0.62,1.3
HR,2020-05-16 02:30:00+00:00,1.02,0.13,1.72,0.62,1.3
HR,2020-05-17 02:30:00+00:00,1.05,0.17,1.77,0.67,1.35
HR,2020-05-18 02:30:00+00:00,1.11,0.22,1.84,0.74,1.42
HR,2020-05-19 02:30:00+00:00,1.1300000000000001,0.23,1.85,0.72,1.4000000000000001
HR,2020-05-20 02:30:00+00:00,1.1400000000000001,0.26,1.87,0.79,1.46
HR,2020-05-21 02:30:00+00:00,1.18,0.3,1.9100000000000001,0.78,1.45
HR,2020-05-22 02:30:00+00:00,1.32,0.45,2.05,0.91,1.57
HR,2020-05-23 02:30:00+00:00,1.32,0.5,2.06,0.97,1.61
HR,2020-05-24 02:30:00+00:00,1.41,0.59,2.12,1.03,1.6600000000000001
HR,2020-05-25 02:30:00+00:00,1.5,0.73,2.21,1.1400000000000001,1.75
HR,2020-05-26 02:30:00+00:00,1.69,0.92,2.35,1.33,1.92
HR,2020-05-27 02:30:00+00:00,2.02,1.3,2.65,1.67,2.23
HR,2020-05-28 02:30:00+00:00,2.29,1.61,2.87,1.96,2.48
HR,2020-05-29 02:30:00+00:00,2.34,1.72,2.88,2.04,2.52
HR,2020-05-30 02:30:00+00:00,2.29,1.71,2.79,2.06,2.5
HR,2020-05-31 02:30:00+00:00,2.07,1.52,2.54,1.81,2.23
JH,2020-05-20 02:30:00+00:00,0.0,0.0,10.81,0.0,6.01
JH,2020-05-21 02:30:00+00:00,4.22,1.4000000000000001,6.59,2.96,5.12
JH,2020-05-22 02:30:00+00:00,3.2800000000000002,1.3900000000000001,4.91,2.44,3.89
JH,2020-05-23 02:30:00+00:00,2.67,1.16,3.95,1.98,3.13
JH,2020-05-24 02:30:00+00:00,2.21,0.93,3.3200000000000003,1.6600000000000001,2.64
JH,2020-05-25 02:30:00+00:00,1.9000000000000001,0.75,2.9,1.43,2.31
JH,2020-05-26 02:30:00+00:00,1.59,0.53,2.5300000000000002,1.08,1.9100000000000001
JH,2020-05-27 02:30:00+00:00,1.53,0.5,2.41,1.05,1.84
JH,2020-05-28 02:30:00+00:00,1.57,0.59,2.42,1.1500000000000001,1.9000000000000001
JH,2020-05-29 02:30:00+00:00,1.58,0.64,2.4,1.17,1.8900000000000001
JH,2020-05-30 02:30:00+00:00,1.62,0.72,2.41,1.24,1.93
JH,2020-05-31 02:30:00+00:00,1.57,0.7000000000000001,2.33,1.17,1.84
JK,2020-04-09 02:30:00+00:00,0.0,0.0,10.81,0.0,6.01
JK,2020-04-09 11:30:00+00:00,2.17,0.0,4.55,0.98,3.13
JK,2020-04-10 02:30:00+00:00,1.56,0.0,3.29,0.68,2.23
JK,2020-04-10 11:30:00+00:00,1.36,0.01,2.8000000000000003,0.55,1.86
JK,2020-04-11 02:30:00+00:00,0.9,0.0,2.3000000000000003,0.21,1.29
JK,2020-04-11 11:30:00+00:00,0.9,0.0,2.18,0.28,1.3
JK,2020-04-12 02:30:00+00:00,0.9,0.0,2.1,0.29,1.27
JK,2020-04-12 11:30:00+00:00,0.9,0.0,2.04,0.3,1.25
JK,2020-04-13 02:30:00+00:00,0.91,0.0,1.99,0.36,1.28
JK,2020-04-13 11:30:00+00:00,1.01,0.01,2.02,0.41000000000000003,1.34
JK,2020-04-14 02:30:00+00:00,0.8,0.0,1.84,0.25,1.11
JK,2020-04-14 11:30:00+00:00,0.7000000000000001,0.0,1.77,0.22,1.04
JK,2020-04-15 02:30:00+00:00,0.6,0.0,1.7,0.16,0.9500000000000001
JK,2020-04-15 11:30:00+00:00,0.61,0.0,1.71,0.18,0.97
JK,2020-04-16 02:30:00+00:00,0.62,0.0,1.72,0.22,1.01
JK,2020-04-16 11:30:00+00:00,0.64,0.0,1.73,0.18,0.98
JK,2020-04-17 02:30:00+00:00,0.65,0.0,1.73,0.2,1.0
JK,2020-04-17 11:30:00+00:00,0.66,0.0,1.74,0.23,1.03
JK,2020-04-18 02:30:00+00:00,0.5700000000000001,0.0,1.68,0.2,0.97
JK,2020-04-18 11:30:00+00:00,0.58,0.0,1.7,0.17,0.9500000000000001
JK,2020-04-19 02:30:00+00:00,0.5,0.0,1.6500000000000001,0.14,0.89
JK,2020-04-19 11:30:00+00:00,0.51,0.0,1.6600000000000001,0.13,0.89
JK,2020-04-20 02:30:00+00:00,0.52,0.0,1.68,0.12,0.89
JK,2020-04-20 11:30:00+00:00,0.63,0.0,1.76,0.18,0.99
JK,2020-04-21 02:30:00+00:00,0.64,0.0,1.76,0.22,1.03
JK,2020-04-21 11:30:00+00:00,0.76,0.0,1.83,0.24,1.09
JK,2020-04-22 02:30:00+00:00,0.77,0.0,1.83,0.24,1.09
JK,2020-04-22 11:30:00+00:00,0.97,0.01,1.96,0.4,1.3
JK,2020-04-23 02:30:00+00:00,0.96,0.0,1.93,0.4,1.29
JK,2020-04-23 11:30:00+00:00,1.12,0.05,2.07,0.58,1.49
JK,2020-04-24 02:30:00+00:00,1.02,0.01,1.94,0.49,1.37
JK,2020-04-24 11:30:00+00:00,1.22,0.15,2.19,0.71,1.61
JK,2020-04-25 02:30:00+00:00,1.19,0.09,2.09,0.68,1.56
JK,2020-04-25 11:30:00+00:00,1.29,0.2,2.22,0.81,1.68
JK,2020-04-26 02:30:00+00:00,1.24,0.17,2.14,0.78,1.6300000000000001
JK,2020-04-26 11:30:00+00:00,1.26,0.18,2.14,0.77,1.61
JK,2020-04-27 02:30:00+00:00,1.11,0.08,1.94,0.62,1.44
JK,2020-04-27 11:30:00+00:00,1.03,0.07,1.87,0.53,1.34
JK,2020-04-28 02:30:00+00:00,0.84,0.0,1.67,0.4,1.17
JK,2020-04-28 11:30:00+00:00,0.8300000000000001,0.0,1.68,0.33,1.11
JK,2020-04-29 02:30:00+00:00,0.66,0.0,1.59,0.23,0.97
JK,2020-04-29 11:30:00+00:00,0.8300000000000001,0.0,1.71,0.35000000000000003,1.1400000000000001
JK,2020-04-30 02:30:00+00:00,0.75,0.0,1.6600000000000001,0.32,1.09
JK,2020-04-30 11:30:00+00:00,0.91,0.0,1.78,0.37,1.19
JK,2020-05-01 02:30:00+00:00,0.97,0.02,1.84,0.45,1.28
JK,2020-05-01 11:30:00+00:00,1.03,0.04,1.8900000000000001,0.5700000000000001,1.4000000000000001
JK,2020-05-02 02:30:00+00:00,0.9500000000000001,0.01,1.8,0.42,1.24
JK,2020-05-02 11:30:00+00:00,1.08,0.08,1.94,0.59,1.42
JK,2020-05-03 02:30:00+00:00,1.0,0.03,1.83,0.55,1.36
JK,2020-05-03 11:30:00+00:00,1.05,0.05,1.8800000000000001,0.54,1.36
JK,2020-05-04 02:30:00+00:00,0.97,0.03,1.8,0.52,1.32
JK,2020-05-04 11:30:00+00:00,0.97,0.04,1.8,0.48,1.28
JK,2020-05-05 02:30:00+00:00,0.96,0.01,1.77,0.46,1.26
JK,2020-05-05 11:30:00+00:00,1.07,0.06,1.8900000000000001,0.61,1.42
JK,2020-05-06 02:30:00+00:00,1.11,0.1,1.94,0.63,1.44
JK,2020-05-07 02:30:00+00:00,1.25,0.22,2.11,0.76,1.57
JK,2020-05-08 02:30:00+00:00,1.31,0.3,2.18,0.87,1.6600000000000001
JK,2020-05-09 02:30:00+00:00,1.26,0.25,2.09,0.78,1.56
JK,2020-05-10 02:30:00+00:00,1.31,0.35000000000000003,2.17,0.88,1.6400000000000001
JK,2020-05-11 02:30:00+00:00,1.35,0.37,2.17,0.88,1.6300000000000001
JK,2020-05-12 02:30:00+00:00,1.41,0.45,2.22,0.97,1.7
JK,2020-05-13 02:30:00+00:00,1.3800000000000001,0.48,2.2,0.97,1.68
JK,2020-05-14 02:30:00+00:00,1.54,0.65,2.33,1.1300000000000001,1.82
JK,2020-05-15 02:30:00+00:00,1.6400000000000001,0.77,2.39,1.3,1.96
JK,2020-05-16 02:30:00+00:00,1.8900000000000001,1.07,2.61,1.54,2.17
JK,2020-05-17 02:30:00+00:00,1.8800000000000001,1.09,2.5500000000000003,1.52,2.12
JK,2020-05-18 02:30:00+00:00,1.85,1.1,2.49,1.52,2.09
JK,2020-05-19 02:30:00+00:00,1.69,0.97,2.31,1.36,1.9100000000000001
JK,2020-05-20 02:30:00+00:00,1.44,0.74,2.05,1.11,1.6500000000000001
JK,2020-05-21 02:30:00+00:00,1.23,0.56,1.86,0.9,1.44
JK,2020-05-22 02:30:00+00:00,1.16,0.47000000000000003,1.78,0.84,1.3800000000000001
JK,2020-05-23 02:30:00+00:00,1.06,0.35000000000000003,1.67,0.77,1.31
JK,2020-05-24 02:30:00+00:00,1.12,0.41000000000000003,1.74,0.78,1.33
JK,2020-05-25 02:30:00+00:00,1.28,0.59,1.9100000000000001,1.0,1.54
JK,2020-05-26 02:30:00+00:00,1.48,0.81,2.1,1.18,1.71
JK,2020-05-27 02:30:00+00:00,1.69,1.02,2.27,1.41,1.92
JK,2020-05-28 02:30:00+00:00,1.82,1.19,2.38,1.53,2.02
JK,2020-05-29 02:30:00+00:00,1.84,1.25,2.38,1.54,2.0100000000000002
JK,2020-05-30 02:30:00+00:00,1.75,1.17,2.2600000000000002,1.47,1.92
JK,2020-05-31 02:30:00+00:00,1.6400000000000001,1.1,2.15,1.35,1.79
KA,2020-04-30 11:30:00+00:00,0.0,0.0,10.81,0.0,6.01
KA,2020-05-01 02:30:00+00:00,0.36,0.0,3.8200000000000003,0.1,1.84
KA,2020-05-01 11:30:00+00:00,0.48,0.0,3.0,0.17,1.55
KA,2020-05-02 02:30:00+00:00,0.48,0.0,2.48,0.09,1.22
KA,2020-05-02 11:30:00+00:00,0.41000000000000003,0.0,2.08,0.07,0.98
KA,2020-05-03 02:30:00+00:00,0.53,0.0,2.12,0.12,1.08
KA,2020-05-03 11:30:00+00:00,0.75,0.0,2.15,0.21,1.2
KA,2020-05-04 02:30:00+00:00,0.9400000000000001,0.0,2.16,0.33,1.33
KA,2020-05-04 11:30:00+00:00,1.05,0.01,2.17,0.51,1.5
KA,2020-05-05 02:30:00+00:00,1.1400000000000001,0.03,2.18,0.54,1.52
KA,2020-05-05 11:30:00+00:00,1.2,0.07,2.2,0.6,1.56
KA,2020-05-06 02:30:00+00:00,1.31,0.18,2.32,0.75,1.69
KA,2020-05-07 02:30:00+00:00,1.53,0.38,2.54,0.99,1.9000000000000001
KA,2020-05-08 02:30:00+00:00,1.84,0.72,2.8000000000000003,1.3800000000000001,2.23
KA,2020-05-09 02:30:00+00:00,1.9100000000000001,0.89,2.82,1.47,2.2600000000000002
KA,2020-05-10 02:30:00+00:00,1.98,1.06,2.85,1.53,2.27
KA,2020-05-11 02:30:00+00:00,1.84,0.9400000000000001,2.63,1.48,2.17
KA,2020-05-12 02:30:00+00:00,1.7,0.8200000000000001,2.44,1.35,2.0100000000000002
KA,2020-05-13 02:30:00+00:00,1.56,0.71,2.2800000000000002,1.22,1.86
KA,2020-05-14 02:30:00+00:00,1.49,0.68,2.21,1.11,1.74
KA,2020-05-15 02:30:00+00:00,1.45,0.68,2.18,1.08,1.7
KA,2020-05-16 02:30:00+00:00,1.54,0.78,2.25,1.16,1.77
KA,2020-05-17 02:30:00+00:00,1.73,0.96,2.39,1.36,1.95
KA,2020-05-18 02:30:00+00:00,1.86,1.12,2.49,1.54,2.1
KA,2020-05-19 02:30:00+00:00,2.0,1.3,2.6,1.72,2.25
KA,2020-05-20 02:30:00+00:00,1.99,1.33,2.56,1.6600000000000001,2.17
KA,2020-05-21 02:30:00+00:00,2.0300000000000002,1.4000000000000001,2.57,1.74,2.22
KA,2020-05-22 02:30:00+00:00,1.95,1.36,2.47,1.6600000000000001,2.12
KA,2020-05-23 02:30:00+00:00,1.76,1.19,2.2600000000000002,1.5,1.94
KA,2020-05-24 02:30:00+00:00,1.52,0.9500000000000001,2.0,1.27,1.7
KA,2020-05-25 02:30:00+00:00,1.34,0.79,1.83,1.07,1.5
KA,2020-05-26 02:30:00+00:00,1.1,0.53,1.58,0.85,1.28
KA,2020-05-27 02:30:00+00:00,1.1,0.53,1.59,0.8200000000000001,1.26
KA,2020-05-28 02:30:00+00:00,1.1300000000000001,0.5700000000000001,1.6300000000000001,0.85,1.29
KA,2020-05-29 02:30:00+00:00,1.27,0.72,1.77,1.03,1.46
KA,2020-05-30 02:30:00+00:00,1.37,0.8300000000000001,1.86,1.09,1.52
KA,2020-05-31 02:30:00+00:00,1.37,0.84,1.85,1.11,1.53
KL,2020-05-13 02:30:00+00:00,0.0,0.0,10.81,0.0,6.01
KL,2020-05-14 02:30:00+00:00,2.2800000000000002,0.0,4.74,1.05,3.29
KL,2020-05-15 02:30:00+00:00,2.17,0.16,3.95,1.2,2.91
KL,2020-05-16 02:30:00+00:00,2.07,0.3,3.5700000000000003,1.25,2.67
KL,2020-05-17 02:30:00+00:00,1.87,0.29,3.15,1.23,2.45
KL,2020-05-18 02:30:00+00:00,1.75,0.32,2.91,1.1,2.2
KL,2020-05-19 02:30:00+00:00,1.67,0.37,2.7600000000000002,1.06,2.07
KL,2020-05-20 02:30:00+00:00,1.67,0.48,2.73,1.11,2.05
KL,2020-05-21 02:30:00+00:00,1.9000000000000001,0.79,2.9,1.3800000000000001,2.25
KL,2020-05-22 02:30:00+00:00,2.0100000000000002,0.96,2.91,1.54,2.34
KL,2020-05-23 02:30:00+00:00,2.09,1.16,2.95,1.6400000000000001,2.38
KL,2020-05-24 02:30:00+00:00,2.1,1.23,2.89,1.73,2.41
KL,2020-05-25 02:30:00+00:00,1.97,1.1400000000000001,2.7,1.61,2.25
KL,2020-05-26 02:30:00+00:00,1.8900000000000001,1.12,2.6,1.53,2.14
KL,2020-05-27 02:30:00+00:00,1.74,1.01,2.43,1.3800000000000001,1.97
KL,2020-05-28 02:30:00+00:00,1.6300000000000001,0.92,2.3000000000000003,1.29,1.86
KL,2020-05-29 02:30:00+00:00,1.54,0.81,2.17,1.2,1.76
KL,2020-05-30 02:30:00+00:00,1.45,0.77,2.1,1.12,1.67
KL,2020-05-31 02:30:00+00:00,1.35,0.66,1.98,1.07,1.61
LA,2020-05-21 02:30:00+00:00,0.0,0.0,10.81,0.0,6.01
LA,2020-05-22 02:30:00+00:00,0.32,0.0,8.73,0.05,4.07
LA,2020-05-23 02:30:00+00:00,0.37,0.0,7.1000000000000005,0.05,3.24
LA,2020-05-24 02:30:00+00:00,3.0100000000000002,0.0,7.1000000000000005,0.98,4.42
LA,2020-05-25 02:30:00+00:00,2.27,0.0,5.76,0.66,3.42
LA,2020-05-26 02:30:00+00:00,2.7600000000000002,0.01,5.55,1.21,3.84
LA,2020-05-27 02:30:00+00:00,2.83,0.14,5.25,1.45,3.81
LA,2020-05-28 02:30:00+00:00,2.35,0.05,4.45,1.22,3.2600000000000002
LA,2020-05-29 02:30:00+00:00,2.4,0.17,4.33,1.27,3.16
LA,2020-05-30 02:30:00+00:00,2.1,0.08,3.8200000000000003,1.16,2.86
LA,2020-05-31 02:30:00+00:00,1.9000000000000001,0.06,3.5,1.01,2.58
MH,2020-03-26 04:45:00+00:00,0.0,0.0,10.81,0.0,6.01
MH,2020-03-26 14:30:00+00:00,1.67,0.0,4.34,0.34,2.41
MH,2020-03-27 03:45:00+00:00,1.93,0.06,3.74,0.91,2.62
MH,2020-03-28 04:00:00+00:00,1.3900000000000001,0.0,2.88,0.6,1.95
MH,2020-03-28 12:15:00+00:00,1.27,0.0,2.59,0.51,1.72
MH,2020-03-29 04:30:00+00:00,0.89,0.0,2.21,0.27,1.3
MH,2020-03-29 14:00:00+00:00,0.54,0.0,1.95,0.2,1.09
MH,2020-03-30 05:00:00+00:00,1.1500000000000001,0.01,2.2600000000000002,0.49,1.53
MH,2020-03-30 16:00:00+00:00,1.68,0.37,2.82,1.1,2.14
MH,2020-03-31 15:00:00+00:00,1.98,0.75,3.0700000000000003,1.4000000000000001,2.36
MH,2020-04-01 03:30:00+00:00,1.94,0.8,2.93,1.4000000000000001,2.2800000000000002
MH,2020-04-01 14:00:00+00:00,1.6400000000000001,0.6,2.59,1.17,1.99
MH,2020-04-02 03:30:00+00:00,1.28,0.25,2.13,0.84,1.6300000000000001
MH,2020-04-02 12:30:00+00:00,1.19,0.17,2.0,0.73,1.51
MH,2020-04-03 03:30:00+00:00,1.25,0.23,2.07,0.86,1.6300000000000001
MH,2020-04-03 12:30:00+00:00,1.53,0.55,2.39,1.07,1.83
MH,2020-04-04 03:30:00+00:00,1.6,0.68,2.45,1.16,1.8900000000000001
MH,2020-04-04 12:30:00+00:00,1.98,1.12,2.79,1.56,2.25
MH,2020-04-05 03:30:00+00:00,2.08,1.27,2.83,1.73,2.37
MH,2020-04-05 12:30:00+00:00,1.99,1.2,2.67,1.67,2.27
MH,2020-04-06 03:30:00+00:00,1.9100000000000001,1.19,2.58,1.61,2.18
MH,2020-04-06 12:30:00+00:00,1.92,1.23,2.56,1.59,2.14
MH,2020-04-07 03:30:00+00:00,1.75,1.08,2.36,1.43,1.96
MH,2020-04-07 12:30:00+00:00,1.6500000000000001,0.98,2.23,1.37,1.8800000000000001
MH,2020-04-08 02:30:00+00:00,1.31,0.67,1.9000000000000001,0.99,1.5
MH,2020-04-08 11:30:00+00:00,1.4000000000000001,0.75,1.98,1.08,1.59
MH,2020-04-09 02:30:00+00:00,1.31,0.66,1.8800000000000001,1.02,1.52
MH,2020-04-09 11:30:00+00:00,1.3900000000000001,0.74,1.95,1.08,1.58
MH,2020-04-10 02:30:00+00:00,1.31,0.6900000000000001,1.8800000000000001,1.02,1.51
MH,2020-04-10 11:30:00+00:00,1.47,0.87,2.04,1.21,1.69
MH,2020-04-11 02:30:00+00:00,1.26,0.63,1.79,0.9500000000000001,1.43
MH,2020-04-11 11:30:00+00:00,1.31,0.6900000000000001,1.84,1.04,1.51
MH,2020-04-12 02:30:00+00:00,1.06,0.46,1.6,0.78,1.25
MH,2020-04-12 11:30:00+00:00,1.4000000000000001,0.79,1.93,1.11,1.58
MH,2020-04-13 02:30:00+00:00,1.31,0.73,1.84,1.02,1.48
MH,2020-04-13 11:30:00+00:00,1.6600000000000001,1.07,2.16,1.3800000000000001,1.83
MH,2020-04-14 02:30:00+00:00,1.51,0.9400000000000001,1.99,1.26,1.69
MH,2020-04-14 11:30:00+00:00,1.56,1.02,2.04,1.31,1.73
MH,2020-04-15 02:30:00+00:00,1.19,0.65,1.6600000000000001,0.92,1.34
MH,2020-04-15 11:30:00+00:00,1.19,0.65,1.6600000000000001,0.92,1.34
MH,2020-04-16 02:30:00+00:00,0.84,0.32,1.33,0.58,1.0
MH,2020-04-16 11:30:00+00:00,0.85,0.29,1.33,0.59,1.02
MH,2020-04-17 02:30:00+00:00,0.53,0.01,0.96,0.27,0.6900000000000001
MH,2020-04-17 11:30:00+00:00,0.78,0.2,1.28,0.48,0.9400000000000001
MH,2020-04-18 02:30:00+00:00,0.65,0.08,1.1300000000000001,0.4,0.85
MH,2020-04-18 11:30:00+00:00,1.36,0.76,1.87,1.06,1.52
MH,2020-04-19 02:30:00+00:00,1.47,0.9,1.96,1.18,1.62
MH,2020-04-19 11:30:00+00:00,1.99,1.46,2.46,1.76,2.17
MH,2020-04-20 02:30:00+00:00,1.78,1.29,2.23,1.54,1.93
MH,2020-04-20 11:30:00+00:00,1.84,1.3800000000000001,2.2800000000000002,1.6300000000000001,2.0
MH,2020-04-21 02:30:00+00:00,1.42,0.9500000000000001,1.83,1.22,1.58
MH,2020-04-21 11:30:00+00:00,1.45,0.99,1.86,1.23,1.59
MH,2020-04-22 02:30:00+00:00,1.02,0.56,1.43,0.8,1.16
MH,2020-04-22 11:30:00+00:00,1.4000000000000001,0.9400000000000001,1.81,1.18,1.54
MH,2020-04-23 02:30:00+00:00,1.18,0.71,1.57,0.9400000000000001,1.3
MH,2020-04-23 11:30:00+00:00,1.3900000000000001,0.93,1.78,1.18,1.53
MH,2020-04-24 02:30:00+00:00,1.04,0.6,1.44,0.81,1.16
MH,2020-04-24 11:30:00+00:00,1.33,0.88,1.72,1.1,1.45
MH,2020-04-25 02:30:00+00:00,1.05,0.6,1.43,0.85,1.19
MH,2020-04-25 11:30:00+00:00,1.23,0.78,1.61,1.03,1.37
MH,2020-04-26 02:30:00+00:00,0.87,0.42,1.25,0.67,1.01
MH,2020-04-26 11:30:00+00:00,1.08,0.63,1.47,0.85,1.2
MH,2020-04-27 02:30:00+00:00,0.76,0.31,1.1500000000000001,0.53,0.88
MH,2020-04-27 11:30:00+00:00,1.04,0.59,1.44,0.8300000000000001,1.18
MH,2020-04-28 02:30:00+00:00,0.79,0.34,1.19,0.58,0.93
MH,2020-04-28 11:30:00+00:00,1.3,0.84,1.69,1.08,1.43
MH,2020-04-29 02:30:00+00:00,1.11,0.67,1.5,0.92,1.26
MH,2020-04-29 11:30:00+00:00,1.3,0.86,1.68,1.08,1.42
MH,2020-04-30 02:30:00+00:00,0.93,0.48,1.3,0.7000000000000001,1.04
MH,2020-04-30 11:30:00+00:00,1.36,0.91,1.73,1.1300000000000001,1.47
MH,2020-05-01 02:30:00+00:00,1.12,0.6900000000000001,1.49,0.91,1.24
MH,2020-05-01 11:30:00+00:00,1.6,1.17,1.96,1.3800000000000001,1.71
MH,2020-05-02 02:30:00+00:00,1.31,0.91,1.67,1.09,1.41
MH,2020-05-02 11:30:00+00:00,1.42,1.02,1.77,1.23,1.54
MH,2020-05-03 02:30:00+00:00,0.9500000000000001,0.54,1.29,0.75,1.06
MH,2020-05-03 11:30:00+00:00,1.48,1.07,1.82,1.28,1.59
MH,2020-05-04 02:30:00+00:00,1.21,0.8200000000000001,1.55,1.03,1.33
MH,2020-05-04 11:30:00+00:00,1.77,1.3900000000000001,2.1,1.61,1.9000000000000001
MH,2020-05-05 02:30:00+00:00,1.92,1.56,2.23,1.73,2.0100000000000002
MH,2020-05-05 11:30:00+00:00,2.17,1.82,2.45,2.0,2.2600000000000002
MH,2020-05-06 02:30:00+00:00,2.02,1.7,2.29,1.8900000000000001,2.13
MH,2020-05-07 02:30:00+00:00,1.98,1.69,2.25,1.85,2.08
MH,2020-05-08 02:30:00+00:00,1.8,1.5,2.04,1.67,1.8900000000000001
MH,2020-05-09 02:30:00+00:00,1.8,1.52,2.04,1.6500000000000001,1.87
MH,2020-05-10 02:30:00+00:00,1.46,1.17,1.68,1.32,1.53
MH,2020-05-11 02:30:00+00:00,1.28,1.02,1.52,1.1400000000000001,1.35
MH,2020-05-12 02:30:00+00:00,1.18,0.91,1.41,1.04,1.25
MH,2020-05-13 02:30:00+00:00,1.16,0.88,1.3800000000000001,1.01,1.22
MH,2020-05-14 02:30:00+00:00,1.19,0.9400000000000001,1.43,1.04,1.25
MH,2020-05-15 02:30:00+00:00,1.34,1.09,1.57,1.21,1.41
MH,2020-05-16 02:30:00+00:00,1.53,1.27,1.74,1.3800000000000001,1.58
MH,2020-05-17 02:30:00+00:00,1.58,1.34,1.79,1.45,1.6400000000000001
MH,2020-05-18 02:30:00+00:00,1.49,1.25,1.69,1.3800000000000001,1.56
MH,2020-05-19 02:30:00+00:00,1.41,1.18,1.61,1.29,1.47
MH,2020-05-20 02:30:00+00:00,1.43,1.21,1.6300000000000001,1.3,1.48
MH,2020-05-21 02:30:00+00:00,1.41,1.19,1.6,1.3,1.47
MH,2020-05-22 02:30:00+00:00,1.42,1.21,1.61,1.3,1.47
MH,2020-05-23 02:30:00+00:00,1.3800000000000001,1.1500000000000001,1.55,1.25,1.42
MH,2020-05-24 02:30:00+00:00,1.2,0.98,1.37,1.1,1.26
MH,2020-05-25 02:30:00+00:00,0.99,0.78,1.17,0.89,1.05
MH,2020-05-26 02:30:00+00:00,0.85,0.62,1.02,0.72,0.89
MH,2020-05-27 02:30:00+00:00,0.8,0.58,0.98,0.68,0.85
MH,2020-05-28 02:30:00+00:00,0.97,0.76,1.16,0.86,1.03
MH,2020-05-29 02:30:00+00:00,1.07,0.85,1.25,0.9500000000000001,1.12
MH,2020-05-30 02:30:00+00:00,1.21,0.99,1.3900000000000001,1.09,1.26
MH,2020-05-31 02:30:00+00:00,1.27,1.05,1.44,1.17,1.33
ML,2020-05-26 02:30:00+00:00,0.0,0.0,10.81,0.0,6.01
ML,2020-05-27 02:30:00+00:00,5.8500000000000005,0.14,10.18,2.92,7.9
ML,2020-05-28 02:30:00+00:00,3.0100000000000002,0.0,7.1000000000000005,1.19,4.62
ML,2020-05-29 02:30:00+00:00,3.35,0.02,6.44,1.57,4.6000000000000005
ML,2020-05-30 02:30:00+00:00,2.56,0.0,5.22,1.11,3.59
ML,2020-05-31 02:30:00+00:00,2.16,0.0,4.55,0.96,3.12
MN,2020-05-15 02:30:00+00:00,0.0,0.0,10.81,0.0,6.01
MN,2020-05-16 02:30:00+00:00,0.32,0.0,8.73,0.05,4.07
MN,2020-05-17 02:30:00+00:00,0.37,0.0,7.1000000000000005,0.05,3.24
MN,2020-05-18 02:30:00+00:00,3.0100000000000002,0.0,7.1000000000000005,0.98,4.42
MN,2020-05-19 02:30:00+00:00,3.35,0.04,6.46,1.59,4.62
MN,2020-05-20 02:30:00+00:00,3.23,0.16,5.8100000000000005,1.78,4.36
MN,2020-05-21 02:30:00+00:00,2.5500000000000003,0.05,4.76,1.29,3.47
MN,2020-05-22 02:30:00+00:00,2.19,0.08,4.22,1.07,3.0
MN,2020-05-23 02:30:00+00:00,1.95,0.01,3.7800000000000002,0.9,2.66
MN,2020-05-24 02:30:00+00:00,1.49,0.0,3.29,0.52,2.08
MN,2020-05-25 02:30:00+00:00,1.41,0.0,3.15,0.53,2.02
MN,2020-05-26 02:30:00+00:00,1.62,0.02,3.23,0.78,2.2800000000000002
MN,2020-05-27 02:30:00+00:00,1.75,0.05,3.2600000000000002,0.98,2.45
MN,2020-05-28 02:30:00+00:00,1.6300000000000001,0.07,3.1,0.78,2.18
MN,2020-05-29 02:30:00+00:00,1.55,0.06,2.95,0.71,2.05
MN,2020-05-30 02:30:00+00:00,1.47,0.03,2.81,0.78,2.06
MN,2020-05-31 02:30:00+00:00,1.41,0.05,2.73,0.7000000000000001,1.94
MP,2020-04-05 03:30:00+00:00,0.0,0.0,10.81,0.0,6.01
MP,2020-04-05 12:30:00+00:00,1.56,0.0,4.04,0.37,2.29
MP,2020-04-06 03:30:00+00:00,2.04,0.11,3.7,1.11,2.73
MP,2020-04-06 12:30:00+00:00,1.6400000000000001,0.12,3.0300000000000002,0.86,2.18
MP,2020-04-07 03:30:00+00:00,1.46,0.07,2.64,0.76,1.92
MP,2020-04-07 12:30:00+00:00,1.1400000000000001,0.01,2.22,0.54,1.56
MP,2020-04-08 02:30:00+00:00,1.1,0.01,2.12,0.52,1.49
MP,2020-04-08 11:30:00+00:00,0.88,0.0,1.9100000000000001,0.32,1.21
MP,2020-04-09 02:30:00+00:00,0.67,0.0,1.75,0.27,1.08
MP,2020-04-09 11:30:00+00:00,1.44,0.24,2.43,0.9,1.84
MP,2020-04-10 02:30:00+00:00,1.97,0.84,2.97,1.52,2.39
MP,2020-04-10 11:30:00+00:00,2.5300000000000002,1.54,3.43,2.06,2.84
MP,2020-04-11 02:30:00+00:00,2.5300000000000002,1.6400000000000001,3.3200000000000003,2.13,2.82
MP,2020-04-11 11:30:00+00:00,2.11,1.31,2.85,1.71,2.35
MP,2020-04-12 02:30:00+00:00,1.76,0.98,2.45,1.37,1.98
MP,2020-04-12 11:30:00+00:00,1.33,0.58,2.02,0.9500000000000001,1.55
MP,2020-04-13 02:30:00+00:00,1.05,0.27,1.71,0.68,1.28
MP,2020-04-13 11:30:00+00:00,1.07,0.3,1.76,0.7000000000000001,1.31
MP,2020-04-14 02:30:00+00:00,1.52,0.73,2.21,1.1400000000000001,1.75
MP,2020-04-14 11:30:00+00:00,1.78,1.03,2.45,1.48,2.06
MP,2020-04-15 02:30:00+00:00,2.05,1.34,2.68,1.73,2.2800000000000002
MP,2020-04-15 11:30:00+00:00,1.84,1.16,2.43,1.55,2.07
MP,2020-04-16 02:30:00+00:00,1.76,1.11,2.33,1.47,1.97
MP,2020-04-16 11:30:00+00:00,1.3900000000000001,0.77,1.96,1.11,1.6
MP,2020-04-17 02:30:00+00:00,1.22,0.61,1.8,0.9400000000000001,1.43
MP,2020-04-17 11:30:00+00:00,0.89,0.27,1.46,0.5700000000000001,1.07
MP,2020-04-18 02:30:00+00:00,0.76,0.11,1.3,0.44,0.9500000000000001
MP,2020-04-18 11:30:00+00:00,0.41000000000000003,0.0,0.98,0.12,0.58
MP,2020-04-19 02:30:00+00:00,0.32,0.0,0.9500000000000001,0.1,0.53
MP,2020-04-19 11:30:00+00:00,0.18,0.0,0.79,0.0,0.34
MP,2020-04-20 02:30:00+00:00,0.3,0.0,0.93,0.08,0.49
MP,2020-04-20 11:30:00+00:00,0.36,0.0,1.01,0.12,0.5700000000000001
MP,2020-04-21 02:30:00+00:00,0.43,0.0,1.11,0.15,0.65
MP,2020-04-21 11:30:00+00:00,0.48,0.0,1.17,0.19,0.72
MP,2020-04-22 02:30:00+00:00,0.64,0.0,1.31,0.28,0.87
MP,2020-04-22 11:30:00+00:00,0.65,0.0,1.32,0.27,0.87
MP,2020-04-23 02:30:00+00:00,1.12,0.31,1.86,0.76,1.41
MP,2020-04-23 11:30:00+00:00,1.25,0.41000000000000003,1.95,0.93,1.56
MP,2020-04-24 02:30:00+00:00,1.52,0.72,2.2,1.1400000000000001,1.75
MP,2020-04-24 11:30:00+00:00,1.68,0.9400000000000001,2.34,1.32,1.9000000000000001
MP,2020-04-25 02:30:00+00:00,1.6,0.88,2.22,1.28,1.83
MP,2020-04-25 11:30:00+00:00,1.32,0.64,1.94,0.98,1.52
MP,2020-04-26 02:30:00+00:00,1.19,0.51,1.8,0.89,1.42
MP,2020-04-26 11:30:00+00:00,0.79,0.13,1.37,0.48,1.01
MP,2020-04-27 02:30:00+00:00,0.92,0.21,1.52,0.6,1.1500000000000001
MP,2020-04-27 11:30:00+00:00,0.9,0.19,1.51,0.56,1.12
MP,2020-04-28 02:30:00+00:00,1.26,0.53,1.8900000000000001,0.92,1.48
MP,2020-04-28 11:30:00+00:00,1.47,0.76,2.08,1.16,1.7
MP,2020-04-29 02:30:00+00:00,1.52,0.84,2.11,1.23,1.75
MP,2020-04-29 11:30:00+00:00,1.25,0.59,1.83,0.9500000000000001,1.46
MP,2020-04-30 02:30:00+00:00,1.05,0.38,1.62,0.75,1.26
MP,2020-04-30 11:30:00+00:00,0.62,0.0,1.12,0.3,0.8
MP,2020-05-01 02:30:00+00:00,0.38,0.0,0.98,0.13,0.58
MP,2020-05-01 11:30:00+00:00,0.29,0.0,0.92,0.08,0.49
MP,2020-05-02 02:30:00+00:00,0.36,0.0,1.0,0.12,0.5700000000000001
MP,2020-05-02 11:30:00+00:00,0.35000000000000003,0.0,1.01,0.07,0.53
MP,2020-05-03 02:30:00+00:00,0.58,0.01,1.24,0.29,0.84
MP,2020-05-03 11:30:00+00:00,0.61,0.02,1.27,0.25,0.8200000000000001
MP,2020-05-04 02:30:00+00:00,0.84,0.09,1.49,0.48,1.09
MP,2020-05-04 11:30:00+00:00,0.92,0.14,1.58,0.54,1.16
MP,2020-05-05 02:30:00+00:00,0.96,0.17,1.62,0.5700000000000001,1.19
MP,2020-05-05 11:30:00+00:00,1.26,0.5,1.97,0.88,1.49
MP,2020-05-06 02:30:00+00:00,1.47,0.71,2.13,1.16,1.74
MP,2020-05-07 02:30:00+00:00,1.86,1.16,2.5,1.55,2.1
MP,2020-05-08 02:30:00+00:00,1.96,1.28,2.54,1.6300000000000001,2.15
MP,2020-05-09 02:30:00+00:00,1.96,1.34,2.52,1.6500000000000001,2.14
MP,2020-05-10 02:30:00+00:00,1.95,1.36,2.48,1.69,2.15
MP,2020-05-11 02:30:00+00:00,1.81,1.26,2.33,1.56,2.0
MP,2020-05-12 02:30:00+00:00,1.79,1.22,2.2600000000000002,1.51,1.94
MP,2020-05-13 02:30:00+00:00,1.75,1.23,2.23,1.53,1.94
MP,2020-05-14 02:30:00+00:00,1.61,1.08,2.06,1.3900000000000001,1.79
MP,2020-05-15 02:30:00+00:00,1.59,1.07,2.0300000000000002,1.32,1.72
MP,2020-05-16 02:30:00+00:00,1.42,0.92,1.86,1.17,1.56
MP,2020-05-17 02:30:00+00:00,1.31,0.8200000000000001,1.75,1.05,1.44
MP,2020-05-18 02:30:00+00:00,1.32,0.81,1.74,1.1,1.48
MP,2020-05-19 02:30:00+00:00,1.31,0.8,1.72,1.06,1.44
MP,2020-05-20 02:30:00+00:00,1.29,0.8,1.71,1.09,1.46
MP,2020-05-21 02:30:00+00:00,1.2,0.71,1.61,0.97,1.34
MP,2020-05-22 02:30:00+00:00,1.1400000000000001,0.68,1.57,0.91,1.28
MP,2020-05-23 02:30:00+00:00,1.03,0.53,1.43,0.8,1.17
MP,2020-05-24 02:30:00+00:00,0.9500000000000001,0.48,1.3800000000000001,0.74,1.11
MP,2020-05-25 02:30:00+00:00,0.91,0.43,1.34,0.66,1.04
MP,2020-05-26 02:30:00+00:00,0.89,0.39,1.31,0.65,1.03
MP,2020-05-27 02:30:00+00:00,0.87,0.36,1.29,0.65,1.03
MP,2020-05-28 02:30:00+00:00,0.9,0.41000000000000003,1.34,0.7000000000000001,1.08
MP,2020-05-29 02:30:00+00:00,0.9,0.38,1.32,0.64,1.03
MP,2020-05-30 02:30:00+00:00,0.99,0.47000000000000003,1.41,0.73,1.12
MP,2020-05-31 02:30:00+00:00,1.06,0.56,1.49,0.85,1.23
NL,2020-04-21 11:30:00+00:00,0.0,0.0,10.81,0.0,6.01
NL,2020-05-26 02:30:00+00:00,5.8500000000000005,0.14,10.18,2.92,7.9
NL,2020-05-27 02:30:00+00:00,4.57,0.17,8.17,2.44,6.15
NL,2020-05-28 02:30:00+00:00,4.57,0.89,7.61,2.91,5.8
NL,2020-05-29 02:30:00+00:00,4.04,1.08,6.49,2.74,5.01
NL,2020-05-30 02:30:00+00:00,3.29,0.8300000000000001,5.3100000000000005,2.19,4.07
NL,2020-05-31 02:30:00+00:00,2.86,0.76,4.64,1.96,3.58
OR,2020-05-06 02:30:00+00:00,0.0,0.0,10.81,0.0,6.01
OR,2020-05-07 02:30:00+00:00,4.22,1.4000000000000001,6.59,2.96,5.12
OR,2020-05-08 02:30:00+00:00,4.0600000000000005,2.25,5.6000000000000005,3.33,4.7
OR,2020-05-09 02:30:00+00:00,3.42,2.09,4.62,2.83,3.87
OR,2020-05-10 02:30:00+00:00,2.85,1.74,3.84,2.39,3.25
OR,2020-05-11 02:30:00+00:00,2.6,1.62,3.45,2.17,2.92
OR,2020-05-12 02:30:00+00:00,2.3000000000000003,1.42,3.0700000000000003,1.8900000000000001,2.57
OR,2020-05-13 02:30:00+00:00,2.12,1.3,2.83,1.74,2.37
OR,2020-05-14 02:30:00+00:00,1.98,1.22,2.66,1.6500000000000001,2.24
OR,2020-05-15 02:30:00+00:00,1.85,1.1,2.48,1.49,2.06
OR,2020-05-16 02:30:00+00:00,1.72,1.01,2.34,1.3800000000000001,1.93
OR,2020-05-17 02:30:00+00:00,1.62,0.92,2.22,1.34,1.87
OR,2020-05-18 02:30:00+00:00,1.47,0.78,2.06,1.1300000000000001,1.6600000000000001
OR,2020-05-19 02:30:00+00:00,1.37,0.72,1.98,1.06,1.58
OR,2020-05-20 02:30:00+00:00,1.33,0.65,1.9100000000000001,1.0,1.52
OR,2020-05-21 02:30:00+00:00,1.25,0.59,1.84,0.92,1.44
OR,2020-05-22 02:30:00+00:00,1.1500000000000001,0.49,1.74,0.8200000000000001,1.34
OR,2020-05-23 02:30:00+00:00,1.18,0.52,1.77,0.85,1.37
OR,2020-05-24 02:30:00+00:00,1.16,0.49,1.74,0.88,1.3900000000000001
OR,2020-05-25 02:30:00+00:00,1.18,0.53,1.77,0.89,1.4000000000000001
OR,2020-05-26 02:30:00+00:00,1.16,0.53,1.76,0.85,1.36
OR,2020-05-27 02:30:00+00:00,1.08,0.43,1.6600000000000001,0.76,1.27
OR,2020-05-28 02:30:00+00:00,1.02,0.37,1.6,0.71,1.22
OR,2020-05-29 02:30:00+00:00,1.0,0.32,1.56,0.7000000000000001,1.21
OR,2020-05-30 02:30:00+00:00,0.98,0.31,1.55,0.7000000000000001,1.21
OR,2020-05-31 02:30:00+00:00,1.02,0.34,1.59,0.6900000000000001,1.21
PB,2020-04-30 11:30:00+00:00,0.0,0.0,10.81,0.0,6.01
PB,2020-05-01 02:30:00+00:00,7.59,5.62,9.24,6.78,8.26
PB,2020-05-01 11:30:00+00:00,5.26,4.07,6.33,4.72,5.65
PB,2020-05-02 02:30:00+00:00,3.99,3.0700000000000003,4.79,3.56,4.2700000000000005
PB,2020-05-02 11:30:00+00:00,3.59,2.83,4.24,3.24,3.8200000000000003
PB,2020-05-03 02:30:00+00:00,2.74,2.08,3.3200000000000003,2.44,2.95
PB,2020-05-03 11:30:00+00:00,2.25,1.62,2.7800000000000002,1.95,2.43
PB,2020-05-04 02:30:00+00:00,1.71,1.1300000000000001,2.25,1.45,1.9100000000000001
PB,2020-05-04 11:30:00+00:00,1.42,0.8300000000000001,1.95,1.16,1.62
PB,2020-05-05 02:30:00+00:00,1.35,0.77,1.8900000000000001,1.09,1.55
PB,2020-05-05 11:30:00+00:00,1.29,0.72,1.84,1.04,1.5
PB,2020-05-06 02:30:00+00:00,1.1,0.49,1.62,0.8,1.27
PB,2020-05-07 02:30:00+00:00,1.1300000000000001,0.51,1.6500000000000001,0.84,1.31
PB,2020-05-08 02:30:00+00:00,0.9400000000000001,0.33,1.47,0.67,1.1400000000000001
PB,2020-05-09 02:30:00+00:00,0.79,0.17,1.31,0.49,0.97
PB,2020-05-10 02:30:00+00:00,0.46,0.0,0.97,0.16,0.61
PB,2020-05-11 02:30:00+00:00,0.3,0.0,0.87,0.05,0.45
PB,2020-05-12 02:30:00+00:00,0.21,0.0,0.77,0.0,0.34
PB,2020-05-13 02:30:00+00:00,0.17,0.0,0.71,0.0,0.3
PB,2020-05-14 02:30:00+00:00,0.16,0.0,0.68,0.0,0.29
PB,2020-05-15 02:30:00+00:00,0.16,0.0,0.68,0.0,0.29
PB,2020-05-16 02:30:00+00:00,0.18,0.0,0.71,0.01,0.31
PB,2020-05-17 02:30:00+00:00,0.23,0.0,0.8,0.01,0.36
PB,2020-05-18 02:30:00+00:00,0.28,0.0,0.9,0.07,0.46
PB,2020-05-19 02:30:00+00:00,0.34,0.0,1.02,0.1,0.55
PB,2020-05-20 02:30:00+00:00,0.37,0.0,1.08,0.12,0.6
PB,2020-05-21 02:30:00+00:00,0.36,0.0,1.11,0.08,0.58
PB,2020-05-22 02:30:00+00:00,0.36,0.0,1.1400000000000001,0.08,0.59
PB,2020-05-23 02:30:00+00:00,0.36,0.0,1.16,0.07,0.59
PB,2020-05-24 02:30:00+00:00,0.41000000000000003,0.0,1.25,0.11,0.67
PB,2020-05-25 02:30:00+00:00,0.56,0.0,1.41,0.2,0.84
PB,2020-05-26 02:30:00+00:00,0.76,0.03,1.58,0.36,1.06
PB,2020-05-27 02:30:00+00:00,1.09,0.15,1.9000000000000001,0.62,1.3800000000000001
PB,2020-05-28 02:30:00+00:00,1.21,0.25,2.02,0.75,1.5
PB,2020-05-29 02:30:00+00:00,1.29,0.36,2.11,0.86,1.59
PB,2020-05-30 02:30:00+00:00,1.32,0.4,2.11,0.89,1.6
PB,2020-05-31 02:30:00+00:00,1.26,0.39,2.05,0.85,1.54
PY,2020-05-11 02:30:00+00:00,0.0,0.0,10.81,0.0,6.01
PY,2020-05-12 02:30:00+00:00,0.32,0.0,8.73,0.05,4.07
PY,2020-05-13 02:30:00+00:00,0.37,0.0,7.1000000000000005,0.05,3.24
PY,2020-05-14 02:30:00+00:00,0.41000000000000003,0.0,6.15,0.07,2.82
PY,2020-05-15 02:30:00+00:00,0.38,0.0,4.8100000000000005,0.0,1.97
PY,2020-05-16 02:30:00+00:00,0.4,0.0,4.82,0.01,1.98
PY,2020-05-17 02:30:00+00:00,0.4,0.0,4.82,0.01,1.98
PY,2020-05-18 02:30:00+00:00,0.42,0.0,4.5,0.07,1.92
PY,2020-05-19 02:30:00+00:00,0.44,0.0,4.25,0.02,1.79
PY,2020-05-20 02:30:00+00:00,0.56,0.0,4.54,0.11,2.14
PY,2020-05-21 02:30:00+00:00,0.6,0.0,4.14,0.18,2.0300000000000002
PY,2020-05-22 02:30:00+00:00,1.49,0.0,4.22,0.31,2.29
PY,2020-05-23 02:30:00+00:00,1.92,0.01,4.15,0.85,2.8000000000000003
PY,2020-05-24 02:30:00+00:00,2.08,0.06,4.03,1.03,2.87
PY,2020-05-25 02:30:00+00:00,1.83,0.05,3.62,0.8300000000000001,2.49
PY,2020-05-26 02:30:00+00:00,1.6600000000000001,0.05,3.34,0.74,2.27
PY,2020-05-27 02:30:00+00:00,1.32,0.0,2.93,0.56,1.93
PY,2020-05-28 02:30:00+00:00,1.05,0.0,2.67,0.28,1.53
PY,2020-05-29 02:30:00+00:00,0.73,0.0,2.48,0.18,1.32
PY,2020-05-30 02:30:00+00:00,0.6900000000000001,0.0,2.46,0.17,1.3
PY,2020-05-31 02:30:00+00:00,0.48,0.0,2.31,0.1,1.1400000000000001
RJ,2020-04-01 14:00:00+00:00,0.0,0.0,10.81,0.0,6.01
RJ,2020-04-02 03:30:00+00:00,2.2800000000000002,0.0,4.74,1.05,3.29
RJ,2020-04-02 12:30:00+00:00,2.17,0.16,3.95,1.2,2.91
RJ,2020-04-03 03:30:00+00:00,2.24,0.4,3.74,1.43,2.85
RJ,2020-04-03 12:30:00+00:00,1.97,0.41000000000000003,3.2800000000000002,1.32,2.5300000000000002
RJ,2020-04-04 03:30:00+00:00,1.53,0.19,2.66,0.9,1.98
RJ,2020-04-04 12:30:00+00:00,1.51,0.23,2.57,0.91,1.92
RJ,2020-04-05 03:30:00+00:00,1.34,0.14,2.31,0.77,1.72
RJ,2020-04-05 12:30:00+00:00,1.35,0.21,2.32,0.85,1.76
RJ,2020-04-06 03:30:00+00:00,1.41,0.3,2.38,0.93,1.81
RJ,2020-04-06 12:30:00+00:00,1.4000000000000001,0.31,2.33,0.91,1.76
RJ,2020-04-07 03:30:00+00:00,1.28,0.2,2.14,0.76,1.59
RJ,2020-04-07 12:30:00+00:00,1.29,0.24,2.15,0.8,1.61
RJ,2020-04-08 02:30:00+00:00,1.19,0.16,2.0100000000000002,0.74,1.53
RJ,2020-04-08 11:30:00+00:00,1.45,0.42,2.31,0.99,1.77
RJ,2020-04-09 02:30:00+00:00,1.51,0.53,2.36,1.1,1.85
RJ,2020-04-09 11:30:00+00:00,1.7,0.76,2.52,1.29,2.0100000000000002
RJ,2020-04-10 02:30:00+00:00,1.6,0.74,2.42,1.21,1.9000000000000001
RJ,2020-04-10 11:30:00+00:00,1.87,1.0,2.61,1.48,2.14
RJ,2020-04-11 02:30:00+00:00,1.74,0.93,2.46,1.36,1.99
RJ,2020-04-11 11:30:00+00:00,1.84,1.04,2.5100000000000002,1.51,2.11
RJ,2020-04-12 02:30:00+00:00,1.6400000000000001,0.9,2.31,1.31,1.8900000000000001
RJ,2020-04-12 11:30:00+00:00,1.55,0.8200000000000001,2.2,1.2,1.77
RJ,2020-04-13 02:30:00+00:00,1.24,0.53,1.8900000000000001,0.92,1.48
RJ,2020-04-13 11:30:00+00:00,1.17,0.44,1.81,0.87,1.43
RJ,2020-04-14 02:30:00+00:00,0.96,0.23,1.59,0.62,1.19
RJ,2020-04-14 11:30:00+00:00,0.97,0.22,1.6,0.62,1.2
RJ,2020-04-15 02:30:00+00:00,0.81,0.08,1.41,0.46,1.04
RJ,2020-04-15 11:30:00+00:00,0.92,0.15,1.55,0.55,1.1500000000000001
RJ,2020-04-16 02:30:00+00:00,0.8,0.05,1.41,0.42,1.02
RJ,2020-04-16 11:30:00+00:00,0.98,0.18,1.6300000000000001,0.58,1.2
RJ,2020-04-17 02:30:00+00:00,0.9500000000000001,0.15,1.59,0.61,1.22
RJ,2020-04-17 11:30:00+00:00,1.19,0.4,1.8800000000000001,0.84,1.45
RJ,2020-04-18 02:30:00+00:00,1.2,0.41000000000000003,1.87,0.85,1.45
RJ,2020-04-18 11:30:00+00:00,1.35,0.58,2.0100000000000002,0.98,1.57
RJ,2020-04-19 02:30:00+00:00,1.22,0.47000000000000003,1.87,0.85,1.43
RJ,2020-04-19 11:30:00+00:00,1.3,0.56,1.94,0.9400000000000001,1.51
RJ,2020-04-20 02:30:00+00:00,1.11,0.38,1.74,0.78,1.34
RJ,2020-04-20 11:30:00+00:00,1.11,0.38,1.74,0.78,1.34
RJ,2020-04-21 02:30:00+00:00,1.1400000000000001,0.4,1.76,0.8,1.36
RJ,2020-04-21 11:30:00+00:00,1.32,0.61,1.95,1.0,1.55
RJ,2020-04-22 02:30:00+00:00,1.29,0.62,1.93,0.98,1.52
RJ,2020-04-22 11:30:00+00:00,1.36,0.67,1.96,1.05,1.58
RJ,2020-04-23 02:30:00+00:00,1.08,0.39,1.67,0.75,1.28
RJ,2020-04-23 11:30:00+00:00,0.91,0.23,1.5,0.59,1.12
RJ,2020-04-24 02:30:00+00:00,0.62,0.0,1.1500000000000001,0.29,0.81
RJ,2020-04-24 11:30:00+00:00,0.37,0.0,1.0,0.07,0.54
RJ,2020-04-25 02:30:00+00:00,0.3,0.0,0.9500000000000001,0.05,0.48
RJ,2020-04-25 11:30:00+00:00,0.45,0.0,1.12,0.17,0.68
RJ,2020-04-26 02:30:00+00:00,0.46,0.0,1.1400000000000001,0.15,0.67
RJ,2020-04-26 11:30:00+00:00,0.73,0.06,1.4000000000000001,0.35000000000000003,0.9500000000000001
RJ,2020-04-27 02:30:00+00:00,0.77,0.05,1.42,0.38,0.99
RJ,2020-04-27 11:30:00+00:00,1.0,0.23,1.7,0.6,1.23
RJ,2020-04-28 02:30:00+00:00,0.93,0.15,1.59,0.54,1.16
RJ,2020-04-28 11:30:00+00:00,1.03,0.27,1.73,0.64,1.26
RJ,2020-04-29 02:30:00+00:00,0.9,0.15,1.56,0.52,1.1300000000000001
RJ,2020-04-29 11:30:00+00:00,1.12,0.32,1.79,0.76,1.37
RJ,2020-04-30 02:30:00+00:00,1.07,0.31,1.75,0.72,1.32
RJ,2020-04-30 11:30:00+00:00,1.24,0.47000000000000003,1.9100000000000001,0.91,1.5
RJ,2020-05-01 02:30:00+00:00,1.11,0.36,1.77,0.8,1.3800000000000001
RJ,2020-05-01 11:30:00+00:00,1.19,0.46,1.86,0.84,1.42
RJ,2020-05-02 02:30:00+00:00,1.02,0.28,1.6600000000000001,0.72,1.29
RJ,2020-05-02 11:30:00+00:00,1.09,0.34,1.73,0.79,1.36
RJ,2020-05-03 02:30:00+00:00,0.9500000000000001,0.22,1.58,0.63,1.2
RJ,2020-05-03 11:30:00+00:00,1.23,0.5,1.8900000000000001,0.91,1.48
RJ,2020-05-04 02:30:00+00:00,1.23,0.49,1.86,0.91,1.47
RJ,2020-05-04 11:30:00+00:00,1.35,0.63,1.97,1.02,1.57
RJ,2020-05-05 02:30:00+00:00,1.45,0.78,2.08,1.11,1.6500000000000001
RJ,2020-05-05 11:30:00+00:00,1.57,0.91,2.17,1.26,1.78
RJ,2020-05-06 02:30:00+00:00,1.6400000000000001,0.98,2.2,1.35,1.85
RJ,2020-05-07 02:30:00+00:00,1.75,1.1400000000000001,2.31,1.48,1.96
RJ,2020-05-08 02:30:00+00:00,1.62,1.01,2.14,1.32,1.79
RJ,2020-05-09 02:30:00+00:00,1.6300000000000001,1.04,2.14,1.3800000000000001,1.83
RJ,2020-05-10 02:30:00+00:00,1.49,0.93,2.0,1.24,1.68
RJ,2020-05-11 02:30:00+00:00,1.43,0.86,1.92,1.1500000000000001,1.59
RJ,2020-05-12 02:30:00+00:00,1.48,0.92,1.96,1.21,1.6400000000000001
RJ,2020-05-13 02:30:00+00:00,1.49,0.9400000000000001,1.96,1.23,1.6500000000000001
RJ,2020-05-14 02:30:00+00:00,1.54,1.03,2.02,1.29,1.7
RJ,2020-05-15 02:30:00+00:00,1.57,1.05,2.02,1.32,1.72
RJ,2020-05-16 02:30:00+00:00,1.57,1.07,2.0100000000000002,1.33,1.72
RJ,2020-05-17 02:30:00+00:00,1.62,1.16,2.07,1.3800000000000001,1.76
RJ,2020-05-18 02:30:00+00:00,1.53,1.05,1.94,1.29,1.6600000000000001
RJ,2020-05-19 02:30:00+00:00,1.4000000000000001,0.92,1.8,1.19,1.55
RJ,2020-05-20 02:30:00+00:00,1.25,0.78,1.6500000000000001,1.02,1.3800000000000001
RJ,2020-05-21 02:30:00+00:00,1.09,0.62,1.49,0.86,1.22
RJ,2020-05-22 02:30:00+00:00,1.02,0.54,1.42,0.8,1.16
RJ,2020-05-23 02:30:00+00:00,1.02,0.55,1.43,0.8200000000000001,1.18
RJ,2020-05-24 02:30:00+00:00,1.04,0.5700000000000001,1.45,0.84,1.2
RJ,2020-05-25 02:30:00+00:00,1.05,0.5700000000000001,1.45,0.84,1.2
RJ,2020-05-26 02:30:00+00:00,1.07,0.59,1.47,0.86,1.22
RJ,2020-05-27 02:30:00+00:00,1.05,0.6,1.47,0.8300000000000001,1.19
RJ,2020-05-28 02:30:00+00:00,1.08,0.62,1.49,0.86,1.22
RJ,2020-05-29 02:30:00+00:00,1.11,0.63,1.5,0.88,1.24
RJ,2020-05-30 02:30:00+00:00,1.1400000000000001,0.67,1.53,0.89,1.25
RJ,2020-05-31 02:30:00+00:00,1.1300000000000001,0.6900000000000001,1.54,0.93,1.28
TG,2020-04-02 12:30:00+00:00,0.0,0.0,10.81,0.0,6.01
TG,2020-04-03 03:30:00+00:00,2.2800000000000002,0.0,4.74,1.05,3.29
TG,2020-04-03 12:30:00+00:00,3.63,1.41,5.48,2.64,4.32
TG,2020-04-04 03:30:00+00:00,3.13,1.5,4.58,2.38,3.65
TG,2020-04-04 12:30:00+00:00,2.98,1.6300000000000001,4.13,2.35,3.38
TG,2020-04-05 03:30:00+00:00,2.48,1.37,3.52,1.93,2.82
TG,2020-04-05 12:30:00+00:00,1.94,0.88,2.85,1.46,2.27
TG,2020-04-06 03:30:00+00:00,1.6500000000000001,0.66,2.52,1.17,1.94
TG,2020-04-06 12:30:00+00:00,1.27,0.34,2.12,0.88,1.62
TG,2020-04-07 03:30:00+00:00,1.06,0.13,1.83,0.68,1.41
TG,2020-04-07 12:30:00+00:00,1.1400000000000001,0.17,1.9100000000000001,0.7000000000000001,1.44
TG,2020-04-08 02:30:00+00:00,1.12,0.19,1.9100000000000001,0.67,1.41
TG,2020-04-08 11:30:00+00:00,1.1,0.17,1.8800000000000001,0.64,1.3800000000000001
TG,2020-04-09 02:30:00+00:00,1.03,0.12,1.8,0.63,1.36
TG,2020-04-09 11:30:00+00:00,0.8300000000000001,0.0,1.56,0.42,1.1300000000000001
TG,2020-04-10 02:30:00+00:00,0.78,0.0,1.54,0.34,1.05
TG,2020-04-10 11:30:00+00:00,0.66,0.0,1.48,0.22,0.91
TG,2020-04-11 02:30:00+00:00,0.66,0.0,1.51,0.23,0.93
TG,2020-04-11 11:30:00+00:00,0.53,0.0,1.44,0.15,0.8200000000000001
TG,2020-04-12 02:30:00+00:00,0.61,0.0,1.52,0.22,0.92
TG,2020-04-12 11:30:00+00:00,0.63,0.0,1.54,0.23,0.9400000000000001
TG,2020-04-13 02:30:00+00:00,1.05,0.08,1.8900000000000001,0.53,1.34
TG,2020-04-13 11:30:00+00:00,1.2,0.18,2.05,0.7000000000000001,1.51
TG,2020-04-14 02:30:00+00:00,1.32,0.29,2.17,0.86,1.6500000000000001
TG,2020-04-14 11:30:00+00:00,1.26,0.3,2.12,0.8,1.57
TG,2020-04-15 02:30:00+00:00,1.22,0.27,2.05,0.8,1.55
TG,2020-04-15 11:30:00+00:00,1.01,0.11,1.78,0.53,1.27
TG,2020-04-16 02:30:00+00:00,1.09,0.18,1.8900000000000001,0.65,1.3900000000000001
TG,2020-04-16 11:30:00+00:00,1.07,0.14,1.84,0.61,1.35
TG,2020-04-17 02:30:00+00:00,1.19,0.23,1.97,0.73,1.47
TG,2020-04-17 11:30:00+00:00,1.1500000000000001,0.24,1.95,0.7000000000000001,1.43
TG,2020-04-18 02:30:00+00:00,1.21,0.26,1.98,0.78,1.5
TG,2020-04-18 11:30:00+00:00,1.05,0.15,1.8,0.63,1.34
TG,2020-04-19 02:30:00+00:00,1.0,0.12,1.74,0.56,1.27
TG,2020-04-19 11:30:00+00:00,0.86,0.05,1.59,0.41000000000000003,1.11
TG,2020-04-20 02:30:00+00:00,0.87,0.02,1.58,0.46,1.16
TG,2020-04-20 11:30:00+00:00,0.8200000000000001,0.0,1.54,0.39,1.09
TG,2020-04-21 02:30:00+00:00,0.8300000000000001,0.02,1.57,0.37,1.08
TG,2020-04-21 11:30:00+00:00,0.78,0.0,1.53,0.36,1.06
TG,2020-04-22 02:30:00+00:00,0.74,0.0,1.51,0.28,0.98
TG,2020-04-22 11:30:00+00:00,0.5,0.0,1.37,0.13,0.77
TG,2020-04-23 02:30:00+00:00,0.46,0.0,1.37,0.12,0.75
TG,2020-04-23 11:30:00+00:00,0.36,0.0,1.29,0.05,0.63
TG,2020-04-24 02:30:00+00:00,0.38,0.0,1.33,0.11,0.7000000000000001
TG,2020-04-24 11:30:00+00:00,0.37,0.0,1.32,0.07,0.66
TG,2020-04-25 02:30:00+00:00,0.36,0.0,1.32,0.08,0.66
TG,2020-04-25 11:30:00+00:00,0.33,0.0,1.27,0.06,0.61
TG,2020-04-26 02:30:00+00:00,0.35000000000000003,0.0,1.31,0.06,0.63
TG,2020-04-26 11:30:00+00:00,0.34,0.0,1.31,0.08,0.64
TG,2020-04-27 02:30:00+00:00,0.35000000000000003,0.0,1.35,0.08,0.66
TG,2020-04-27 11:30:00+00:00,0.34,0.0,1.34,0.09,0.66
TG,2020-04-28 02:30:00+00:00,0.33,0.0,1.33,0.02,0.59
TG,2020-04-28 11:30:00+00:00,0.34,0.0,1.37,0.07,0.65
TG,2020-04-29 02:30:00+00:00,0.35000000000000003,0.0,1.41,0.06,0.66
TG,2020-04-29 11:30:00+00:00,0.42,0.0,1.56,0.11,0.79
TG,2020-04-30 02:30:00+00:00,0.48,0.0,1.6500000000000001,0.14,0.87
TG,2020-04-30 11:30:00+00:00,0.56,0.0,1.74,0.17,0.9500000000000001
TG,2020-05-01 02:30:00+00:00,0.76,0.0,1.8800000000000001,0.26,1.12
TG,2020-05-01 11:30:00+00:00,0.78,0.0,1.87,0.25,1.11
TG,2020-05-02 02:30:00+00:00,0.79,0.0,1.86,0.25,1.11
TG,2020-05-02 11:30:00+00:00,0.79,0.0,1.85,0.34,1.19
TG,2020-05-03 02:30:00+00:00,0.6900000000000001,0.0,1.78,0.23,1.05
TG,2020-05-03 11:30:00+00:00,0.6900000000000001,0.0,1.78,0.27,1.09
TG,2020-05-04 02:30:00+00:00,0.6900000000000001,0.0,1.79,0.2,1.03
TG,2020-05-04 11:30:00+00:00,0.49,0.0,1.67,0.12,0.88
TG,2020-05-05 02:30:00+00:00,0.49,0.0,1.68,0.11,0.88
TG,2020-05-05 11:30:00+00:00,0.71,0.0,1.83,0.2,1.05
TG,2020-05-06 02:30:00+00:00,0.8300000000000001,0.0,1.9000000000000001,0.29,1.17
TG,2020-05-07 02:30:00+00:00,1.12,0.03,2.11,0.5700000000000001,1.51
TG,2020-05-08 02:30:00+00:00,1.41,0.25,2.46,0.8300000000000001,1.79
TG,2020-05-09 02:30:00+00:00,1.8800000000000001,0.72,2.94,1.32,2.24
TG,2020-05-10 02:30:00+00:00,2.15,1.1,3.14,1.6600000000000001,2.5
TG,2020-05-11 02:30:00+00:00,2.31,1.32,3.18,1.9000000000000001,2.66
TG,2020-05-12 02:30:00+00:00,2.22,1.33,3.0300000000000002,1.81,2.5100000000000002
TG,2020-05-13 02:30:00+00:00,2.0300000000000002,1.19,2.7800000000000002,1.69,2.34
TG,2020-05-14 02:30:00+00:00,1.8,0.98,2.5,1.47,2.09
TG,2020-05-15 02:30:00+00:00,1.6,0.84,2.31,1.22,1.83
TG,2020-05-16 02:30:00+00:00,1.43,0.66,2.11,1.06,1.6600000000000001
TG,2020-05-17 02:30:00+00:00,1.32,0.5700000000000001,2.0100000000000002,1.0,1.59
TG,2020-05-18 02:30:00+00:00,1.24,0.47000000000000003,1.9100000000000001,0.91,1.5
TG,2020-05-19 02:30:00+00:00,1.11,0.34,1.78,0.73,1.33
TG,2020-05-20 02:30:00+00:00,1.09,0.3,1.75,0.74,1.34
TG,2020-05-21 02:30:00+00:00,1.08,0.3,1.75,0.75,1.35
TG,2020-05-22 02:30:00+00:00,1.12,0.34,1.8,0.73,1.34
TG,2020-05-23 02:30:00+00:00,1.21,0.44,1.9000000000000001,0.87,1.47
TG,2020-05-24 02:30:00+00:00,1.28,0.5,1.95,0.9,1.5
TG,2020-05-25 02:30:00+00:00,1.43,0.66,2.08,1.1,1.68
TG,2020-05-26 02:30:00+00:00,1.6600000000000001,0.92,2.29,1.34,1.9000000000000001
TG,2020-05-27 02:30:00+00:00,1.9000000000000001,1.2,2.5,1.55,2.09
TG,2020-05-28 02:30:00+00:00,1.97,1.3,2.5300000000000002,1.6400000000000001,2.15
TG,2020-05-29 02:30:00+00:00,1.92,1.31,2.47,1.6300000000000001,2.11
TG,2020-05-30 02:30:00+00:00,1.75,1.1400000000000001,2.2600000000000002,1.47,1.93
TG,2020-05-31 02:30:00+00:00,1.54,0.96,2.05,1.27,1.72
TN,2020-03-30 05:00:00+00:00,0.0,0.0,10.81,0.0,6.01
TN,2020-03-30 16:00:00+00:00,6.19,3.49,8.55,5.1000000000000005,7.17
TN,2020-03-31 15:00:00+00:00,4.34,2.57,5.8500000000000005,3.5300000000000002,4.88
TN,2020-04-01 03:30:00+00:00,3.41,2.08,4.61,2.82,3.86
TN,2020-04-01 14:00:00+00:00,2.93,1.82,3.93,2.42,3.29
TN,2020-04-02 03:30:00+00:00,2.21,1.21,3.1,1.74,2.52
TN,2020-04-02 12:30:00+00:00,1.97,1.06,2.81,1.55,2.27
TN,2020-04-03 03:30:00+00:00,1.69,0.8,2.47,1.26,1.95
TN,2020-04-03 12:30:00+00:00,1.62,0.8,2.41,1.27,1.93
TN,2020-04-04 03:30:00+00:00,1.6,0.76,2.33,1.19,1.84
TN,2020-04-04 12:30:00+00:00,1.58,0.8,2.32,1.19,1.82
TN,2020-04-05 03:30:00+00:00,1.35,0.54,2.04,0.96,1.58
TN,2020-04-05 12:30:00+00:00,1.29,0.49,1.98,0.9500000000000001,1.56
TN,2020-04-06 03:30:00+00:00,1.06,0.28,1.75,0.73,1.34
TN,2020-04-06 12:30:00+00:00,1.08,0.27,1.76,0.72,1.34
TN,2020-04-07 03:30:00+00:00,0.91,0.16,1.6,0.55,1.17
TN,2020-04-07 12:30:00+00:00,0.9500000000000001,0.13,1.61,0.61,1.24
TN,2020-04-08 02:30:00+00:00,0.8200000000000001,0.03,1.45,0.43,1.06
TN,2020-04-08 11:30:00+00:00,1.01,0.16,1.69,0.64,1.29
TN,2020-04-09 02:30:00+00:00,0.97,0.15,1.6600000000000001,0.59,1.24
TN,2020-04-09 11:30:00+00:00,1.17,0.33,1.9000000000000001,0.8300000000000001,1.48
TN,2020-04-10 02:30:00+00:00,1.1,0.29,1.83,0.7000000000000001,1.35
TN,2020-04-10 11:30:00+00:00,1.18,0.37,1.9100000000000001,0.8,1.44
TN,2020-04-11 02:30:00+00:00,1.05,0.23,1.74,0.71,1.34
TN,2020-04-11 11:30:00+00:00,1.07,0.26,1.77,0.72,1.35
TN,2020-04-12 02:30:00+00:00,0.96,0.14,1.62,0.59,1.22
TN,2020-04-12 11:30:00+00:00,1.18,0.35000000000000003,1.8800000000000001,0.8300000000000001,1.46
TN,2020-04-13 02:30:00+00:00,1.18,0.36,1.87,0.86,1.48
TN,2020-04-13 11:30:00+00:00,1.23,0.45,1.94,0.84,1.46
TN,2020-04-14 02:30:00+00:00,1.04,0.25,1.71,0.68,1.29
TN,2020-04-14 11:30:00+00:00,0.91,0.15,1.57,0.55,1.16
TN,2020-04-15 02:30:00+00:00,0.59,0.0,1.23,0.24,0.81
TN,2020-04-15 11:30:00+00:00,0.4,0.0,1.1400000000000001,0.09,0.62
TN,2020-04-16 02:30:00+00:00,0.28,0.0,1.04,0.02,0.48
TN,2020-04-16 11:30:00+00:00,0.37,0.0,1.1500000000000001,0.09,0.61
TN,2020-04-17 02:30:00+00:00,0.41000000000000003,0.0,1.21,0.16,0.7000000000000001
TN,2020-04-17 11:30:00+00:00,0.62,0.0,1.3900000000000001,0.27,0.9
TN,2020-04-18 02:30:00+00:00,0.66,0.0,1.42,0.26,0.91
TN,2020-04-18 11:30:00+00:00,1.02,0.15,1.79,0.63,1.34
TN,2020-04-19 02:30:00+00:00,1.1300000000000001,0.23,1.9000000000000001,0.7000000000000001,1.41
TN,2020-04-19 11:30:00+00:00,1.26,0.35000000000000003,2.02,0.88,1.57
TN,2020-04-20 02:30:00+00:00,1.17,0.29,1.9100000000000001,0.75,1.43
TN,2020-04-20 11:30:00+00:00,1.21,0.35000000000000003,1.95,0.86,1.52
TN,2020-04-21 02:30:00+00:00,1.04,0.22,1.76,0.68,1.33
TN,2020-04-21 11:30:00+00:00,0.99,0.14,1.67,0.62,1.27
TN,2020-04-22 02:30:00+00:00,0.77,0.01,1.42,0.35000000000000003,0.99
TN,2020-04-22 11:30:00+00:00,0.87,0.07,1.55,0.45,1.11
TN,2020-04-23 02:30:00+00:00,0.71,0.0,1.3900000000000001,0.3,0.9400000000000001
TN,2020-04-23 11:30:00+00:00,0.86,0.06,1.56,0.45,1.12
TN,2020-04-24 02:30:00+00:00,0.79,0.01,1.47,0.38,1.04
TN,2020-04-24 11:30:00+00:00,1.05,0.16,1.77,0.64,1.33
TN,2020-04-25 02:30:00+00:00,1.04,0.17,1.76,0.65,1.33
TN,2020-04-25 11:30:00+00:00,1.17,0.29,1.9100000000000001,0.76,1.44
TN,2020-04-26 02:30:00+00:00,1.03,0.2,1.76,0.61,1.28
TN,2020-04-26 11:30:00+00:00,1.06,0.19,1.76,0.71,1.37
TN,2020-04-27 02:30:00+00:00,0.9,0.07,1.57,0.48,1.1400000000000001
TN,2020-04-27 11:30:00+00:00,1.12,0.24,1.83,0.7000000000000001,1.37
TN,2020-04-28 02:30:00+00:00,1.1,0.23,1.8,0.7000000000000001,1.36
TN,2020-04-28 11:30:00+00:00,1.4000000000000001,0.5700000000000001,2.14,1.0,1.6500000000000001
TN,2020-04-29 02:30:00+00:00,1.3800000000000001,0.59,2.11,0.99,1.62
TN,2020-04-29 11:30:00+00:00,1.62,0.8300000000000001,2.3000000000000003,1.29,1.8900000000000001
TN,2020-04-30 02:30:00+00:00,1.5,0.78,2.19,1.17,1.75
TN,2020-04-30 11:30:00+00:00,1.74,1.03,2.39,1.41,1.97
TN,2020-05-01 02:30:00+00:00,1.6,0.91,2.22,1.28,1.82
TN,2020-05-01 11:30:00+00:00,1.84,1.18,2.44,1.53,2.05
TN,2020-05-02 02:30:00+00:00,1.6500000000000001,1.02,2.23,1.35,1.85
TN,2020-05-02 11:30:00+00:00,1.81,1.2,2.37,1.54,2.02
TN,2020-05-03 02:30:00+00:00,1.54,0.93,2.07,1.25,1.72
TN,2020-05-03 11:30:00+00:00,1.96,1.3800000000000001,2.48,1.71,2.16
TN,2020-05-04 02:30:00+00:00,1.81,1.25,2.3000000000000003,1.56,1.99
TN,2020-05-04 11:30:00+00:00,2.16,1.62,2.62,1.92,2.33
TN,2020-05-05 02:30:00+00:00,2.49,2.0100000000000002,2.93,2.2600000000000002,2.64
TN,2020-05-05 11:30:00+00:00,2.72,2.27,3.11,2.49,2.84
TN,2020-05-06 02:30:00+00:00,2.62,2.23,2.99,2.4,2.72
TN,2020-05-07 02:30:00+00:00,2.41,2.02,2.73,2.25,2.54
TN,2020-05-08 02:30:00+00:00,1.96,1.59,2.27,1.79,2.07
TN,2020-05-09 02:30:00+00:00,1.78,1.43,2.09,1.6300000000000001,1.9000000000000001
TN,2020-05-10 02:30:00+00:00,1.49,1.1400000000000001,1.79,1.32,1.59
TN,2020-05-11 02:30:00+00:00,1.27,0.91,1.56,1.09,1.36
TN,2020-05-12 02:30:00+00:00,1.1300000000000001,0.77,1.42,0.9500000000000001,1.22
TN,2020-05-13 02:30:00+00:00,0.91,0.5700000000000001,1.22,0.74,1.01
TN,2020-05-14 02:30:00+00:00,0.7000000000000001,0.33,1.0,0.51,0.79
TN,2020-05-15 02:30:00+00:00,0.6,0.25,0.93,0.44,0.72
TN,2020-05-16 02:30:00+00:00,0.62,0.25,0.9500000000000001,0.44,0.73
TN,2020-05-17 02:30:00+00:00,0.88,0.49,1.2,0.71,1.0
TN,2020-05-18 02:30:00+00:00,1.2,0.81,1.51,1.01,1.3
TN,2020-05-19 02:30:00+00:00,1.41,1.07,1.74,1.23,1.51
TN,2020-05-20 02:30:00+00:00,1.5,1.16,1.81,1.33,1.6
TN,2020-05-21 02:30:00+00:00,1.47,1.12,1.76,1.32,1.58
TN,2020-05-22 02:30:00+00:00,1.37,1.04,1.6600000000000001,1.2,1.46
TN,2020-05-23 02:30:00+00:00,1.29,0.9500000000000001,1.57,1.11,1.37
TN,2020-05-24 02:30:00+00:00,1.1300000000000001,0.81,1.42,0.99,1.24
TN,2020-05-25 02:30:00+00:00,1.05,0.73,1.34,0.92,1.17
TN,2020-05-26 02:30:00+00:00,1.02,0.71,1.32,0.84,1.1
TN,2020-05-27 02:30:00+00:00,1.05,0.74,1.35,0.92,1.17
TN,2020-05-28 02:30:00+00:00,1.1500000000000001,0.8200000000000001,1.43,1.0,1.25
TN,2020-05-29 02:30:00+00:00,1.19,0.87,1.47,1.03,1.28
TN,2020-05-30 02:30:00+00:00,1.2,0.87,1.47,1.03,1.28
TN,2020-05-31 02:30:00+00:00,1.23,0.91,1.5,1.1,1.34
TR,2020-05-06 02:30:00+00:00,0.0,0.0,10.81,0.0,6.01
TR,2020-05-07 02:30:00+00:00,3.62,0.67,6.0200000000000005,2.3000000000000003,4.59
TR,2020-05-08 02:30:00+00:00,3.0100000000000002,1.01,4.79,2.13,3.7
TR,2020-05-09 02:30:00+00:00,2.46,0.88,3.9,1.75,3.0
TR,2020-05-10 02:30:00+00:00,1.82,0.44,3.02,1.25,2.33
TR,2020-05-11 02:30:00+00:00,1.31,0.11,2.32,0.73,1.71
TR,2020-05-12 02:30:00+00:00,0.74,0.0,1.77,0.25,1.08
TR,2020-05-13 02:30:00+00:00,0.29,0.0,1.43,0.0,0.62
TR,2020-05-14 02:30:00+00:00,0.3,0.0,1.4000000000000001,0.01,0.61
TR,2020-05-15 02:30:00+00:00,0.31,0.0,1.3800000000000001,0.04,0.62
TR,2020-05-16 02:30:00+00:00,0.35000000000000003,0.0,1.48,0.06,0.6900000000000001
TR,2020-05-17 02:30:00+00:00,0.37,0.0,1.51,0.05,0.7000000000000001
TR,2020-05-18 02:30:00+00:00,0.38,0.0,1.54,0.08,0.74
TR,2020-05-19 02:30:00+00:00,0.39,0.0,1.57,0.06,0.74
TR,2020-05-20 02:30:00+00:00,0.36,0.0,1.53,0.1,0.75
TR,2020-05-21 02:30:00+00:00,0.37,0.0,1.56,0.06,0.73
TR,2020-05-22 02:30:00+00:00,0.42,0.0,1.6600000000000001,0.1,0.8200000000000001
TR,2020-05-23 02:30:00+00:00,0.48,0.0,1.76,0.1,0.88
TR,2020-05-24 02:30:00+00:00,0.56,0.0,1.85,0.15,0.98
TR,2020-05-25 02:30:00+00:00,0.8,0.0,2.0100000000000002,0.25,1.17
TR,2020-05-26 02:30:00+00:00,1.03,0.0,2.14,0.42,1.4000000000000001
TR,2020-05-27 02:30:00+00:00,1.21,0.05,2.2800000000000002,0.62,1.62
TR,2020-05-28 02:30:00+00:00,1.35,0.15,2.41,0.79,1.78
TR,2020-05-29 02:30:00+00:00,1.37,0.22,2.43,0.8200000000000001,1.78
TR,2020-05-30 02:30:00+00:00,1.32,0.18,2.31,0.75,1.68
TR,2020-05-31 02:30:00+00:00,1.27,0.14,2.21,0.75,1.6500000000000001
UP,2020-04-02 12:30:00+00:00,0.0,0.0,10.81,0.0,6.01
UP,2020-04-03 03:30:00+00:00,2.84,0.1,5.21,1.52,3.86
UP,2020-04-03 12:30:00+00:00,3.09,0.93,4.97,2.1,3.79
UP,2020-04-04 03:30:00+00:00,2.38,0.66,3.86,1.58,2.92
UP,2020-04-04 12:30:00+00:00,1.85,0.36,3.08,1.2,2.35
UP,2020-04-05 03:30:00+00:00,1.9000000000000001,0.56,3.06,1.29,2.33
UP,2020-04-05 12:30:00+00:00,1.6300000000000001,0.39,2.67,1.12,2.07
UP,2020-04-06 03:30:00+00:00,1.6300000000000001,0.47000000000000003,2.63,1.08,1.98
UP,2020-04-06 12:30:00+00:00,1.52,0.39,2.44,1.02,1.87
UP,2020-04-07 03:30:00+00:00,1.27,0.24,2.16,0.78,1.6
UP,2020-04-07 12:30:00+00:00,1.18,0.14,2.0,0.73,1.53
UP,2020-04-08 02:30:00+00:00,1.2,0.19,2.04,0.7000000000000001,1.5
UP,2020-04-08 11:30:00+00:00,1.12,0.12,1.92,0.6900000000000001,1.47
UP,2020-04-09 02:30:00+00:00,1.24,0.25,2.09,0.8,1.58
UP,2020-04-09 11:30:00+00:00,1.16,0.18,1.97,0.7000000000000001,1.47
UP,2020-04-10 02:30:00+00:00,0.99,0.08,1.77,0.58,1.33
UP,2020-04-10 11:30:00+00:00,0.8200000000000001,0.0,1.59,0.38,1.11
UP,2020-04-11 02:30:00+00:00,0.53,0.0,1.44,0.16,0.8300000000000001
UP,2020-04-11 11:30:00+00:00,0.46,0.0,1.43,0.11,0.77
UP,2020-04-12 02:30:00+00:00,0.54,0.0,1.5,0.2,0.89
UP,2020-04-12 11:30:00+00:00,0.9400000000000001,0.07,1.82,0.43,1.23
UP,2020-04-13 02:30:00+00:00,1.56,0.47000000000000003,2.46,1.11,1.93
UP,2020-04-13 11:30:00+00:00,1.87,0.86,2.74,1.42,2.19
UP,2020-04-14 02:30:00+00:00,2.08,1.16,2.89,1.67,2.38
UP,2020-04-14 11:30:00+00:00,1.93,1.08,2.69,1.56,2.22
UP,2020-04-15 02:30:00+00:00,1.6600000000000001,0.84,2.38,1.31,1.94
UP,2020-04-15 11:30:00+00:00,1.41,0.59,2.1,1.04,1.6600000000000001
UP,2020-04-16 02:30:00+00:00,1.16,0.36,1.85,0.77,1.3900000000000001
UP,2020-04-16 11:30:00+00:00,0.9500000000000001,0.15,1.61,0.58,1.2
UP,2020-04-17 02:30:00+00:00,1.1400000000000001,0.31,1.84,0.8,1.43
UP,2020-04-17 11:30:00+00:00,1.12,0.31,1.83,0.78,1.41
UP,2020-04-18 02:30:00+00:00,1.4000000000000001,0.58,2.11,1.01,1.6400000000000001
UP,2020-04-18 11:30:00+00:00,1.41,0.61,2.1,1.06,1.67
UP,2020-04-19 02:30:00+00:00,1.49,0.71,2.16,1.11,1.71
UP,2020-04-19 11:30:00+00:00,1.33,0.5700000000000001,1.99,1.01,1.59
UP,2020-04-20 02:30:00+00:00,1.37,0.61,2.0100000000000002,1.06,1.6300000000000001
UP,2020-04-20 11:30:00+00:00,1.1400000000000001,0.41000000000000003,1.79,0.8,1.37
UP,2020-04-21 02:30:00+00:00,1.27,0.53,1.9100000000000001,0.92,1.49
UP,2020-04-21 11:30:00+00:00,1.16,0.43,1.8,0.86,1.42
UP,2020-04-22 02:30:00+00:00,1.25,0.54,1.9000000000000001,0.92,1.48
UP,2020-04-22 11:30:00+00:00,1.08,0.36,1.71,0.73,1.29
UP,2020-04-23 02:30:00+00:00,1.09,0.34,1.7,0.75,1.31
UP,2020-04-23 11:30:00+00:00,0.9,0.17,1.5,0.5700000000000001,1.1300000000000001
UP,2020-04-24 02:30:00+00:00,1.09,0.33,1.71,0.74,1.31
UP,2020-04-24 11:30:00+00:00,1.07,0.33,1.7,0.71,1.28
UP,2020-04-25 02:30:00+00:00,1.17,0.43,1.8,0.86,1.42
UP,2020-04-25 11:30:00+00:00,1.1400000000000001,0.42,1.77,0.79,1.35
UP,2020-04-26 02:30:00+00:00,1.11,0.39,1.73,0.8,1.35
UP,2020-04-26 11:30:00+00:00,0.87,0.18,1.48,0.55,1.1
UP,2020-04-27 02:30:00+00:00,0.86,0.18,1.49,0.53,1.09
UP,2020-04-27 11:30:00+00:00,0.67,0.02,1.24,0.32,0.87
UP,2020-04-28 02:30:00+00:00,0.8,0.07,1.3900000000000001,0.42,1.0
UP,2020-04-28 11:30:00+00:00,0.77,0.06,1.37,0.4,0.98
UP,2020-04-29 02:30:00+00:00,0.8,0.06,1.4000000000000001,0.42,1.01
UP,2020-04-29 11:30:00+00:00,0.7000000000000001,0.0,1.29,0.33,0.91
UP,2020-04-30 02:30:00+00:00,0.8,0.06,1.42,0.42,1.02
UP,2020-04-30 11:30:00+00:00,0.8,0.06,1.42,0.43,1.03
UP,2020-05-01 02:30:00+00:00,1.1,0.3,1.77,0.76,1.37
UP,2020-05-01 11:30:00+00:00,1.21,0.45,1.9000000000000001,0.85,1.45
UP,2020-05-02 02:30:00+00:00,1.5,0.77,2.17,1.1400000000000001,1.72
UP,2020-05-02 11:30:00+00:00,1.48,0.75,2.1,1.18,1.73
UP,2020-05-03 02:30:00+00:00,1.52,0.8300000000000001,2.13,1.18,1.72
UP,2020-05-03 11:30:00+00:00,1.29,0.62,1.8900000000000001,1.01,1.53
UP,2020-05-04 02:30:00+00:00,1.18,0.49,1.76,0.87,1.3900000000000001
UP,2020-05-04 11:30:00+00:00,0.9500000000000001,0.27,1.53,0.66,1.18
UP,2020-05-05 02:30:00+00:00,1.0,0.32,1.6,0.6900000000000001,1.22
UP,2020-05-05 11:30:00+00:00,0.96,0.25,1.54,0.61,1.1500000000000001
UP,2020-05-06 02:30:00+00:00,1.21,0.51,1.81,0.93,1.46
UP,2020-05-07 02:30:00+00:00,1.43,0.75,2.02,1.1300000000000001,1.6500000000000001
UP,2020-05-08 02:30:00+00:00,1.62,0.97,2.19,1.33,1.83
UP,2020-05-09 02:30:00+00:00,1.6300000000000001,1.01,2.18,1.36,1.84
UP,2020-05-10 02:30:00+00:00,1.55,0.97,2.1,1.26,1.73
UP,2020-05-11 02:30:00+00:00,1.28,0.67,1.79,1.0,1.46
UP,2020-05-12 02:30:00+00:00,1.19,0.62,1.73,0.91,1.37
UP,2020-05-13 02:30:00+00:00,1.12,0.52,1.6400000000000001,0.85,1.31
UP,2020-05-14 02:30:00+00:00,1.25,0.68,1.79,0.97,1.43
UP,2020-05-15 02:30:00+00:00,1.28,0.6900000000000001,1.79,1.03,1.48
UP,2020-05-16 02:30:00+00:00,1.49,0.91,1.99,1.25,1.69
UP,2020-05-17 02:30:00+00:00,1.68,1.12,2.16,1.41,1.84
UP,2020-05-18 02:30:00+00:00,1.83,1.31,2.3000000000000003,1.58,1.99
UP,2020-05-19 02:30:00+00:00,1.93,1.43,2.37,1.68,2.07
UP,2020-05-20 02:30:00+00:00,1.87,1.3800000000000001,2.2800000000000002,1.6500000000000001,2.02
UP,2020-05-21 02:30:00+00:00,1.7,1.23,2.1,1.47,1.83
UP,2020-05-22 02:30:00+00:00,1.52,1.07,1.92,1.31,1.6600000000000001
UP,2020-05-23 02:30:00+00:00,1.22,0.79,1.6300000000000001,1.0,1.35
UP,2020-05-24 02:30:00+00:00,0.91,0.44,1.3,0.72,1.07
UP,2020-05-25 02:30:00+00:00,0.89,0.45,1.32,0.67,1.03
UP,2020-05-26 02:30:00+00:00,0.8,0.31,1.2,0.55,0.92
UP,2020-05-27 02:30:00+00:00,0.77,0.29,1.19,0.56,0.93
UP,2020-05-28 02:30:00+00:00,0.72,0.24,1.1500000000000001,0.49,0.87
UP,2020-05-29 02:30:00+00:00,0.7000000000000001,0.22,1.1400000000000001,0.44,0.8300000000000001
UP,2020-05-30 02:30:00+00:00,0.62,0.12,1.04,0.37,0.76
UP,2020-05-31 02:30:00+00:00,0.7000000000000001,0.19,1.1400000000000001,0.45,0.85
UT,2020-05-20 02:30:00+00:00,0.0,0.0,10.81,0.0,6.01
UT,2020-05-21 02:30:00+00:00,4.45,1.55,6.9,3.19,5.41
UT,2020-05-22 02:30:00+00:00,4.23,2.39,5.8100000000000005,3.47,4.87
UT,2020-05-23 02:30:00+00:00,3.7,2.33,4.88,3.0700000000000003,4.12
UT,2020-05-24 02:30:00+00:00,3.22,2.11,4.18,2.72,3.5700000000000003
UT,2020-05-25 02:30:00+00:00,2.75,1.81,3.59,2.35,3.08
UT,2020-05-26 02:30:00+00:00,2.2800000000000002,1.45,3.06,1.93,2.59
UT,2020-05-27 02:30:00+00:00,2.2800000000000002,1.49,2.98,1.95,2.56
UT,2020-05-28 02:30:00+00:00,2.08,1.32,2.72,1.71,2.29
UT,2020-05-29 02:30:00+00:00,2.04,1.36,2.68,1.69,2.24
UT,2020-05-30 02:30:00+00:00,1.96,1.31,2.57,1.6500000000000001,2.17
UT,2020-05-31 02:30:00+00:00,1.8,1.1500000000000001,2.37,1.51,2.0100000000000002
WB,2020-04-13 02:30:00+00:00,0.0,0.0,10.81,0.0,6.01
WB,2020-04-13 11:30:00+00:00,2.17,0.0,4.55,0.98,3.13
WB,2020-04-14 02:30:00+00:00,1.82,0.03,3.5100000000000002,0.91,2.52
WB,2020-04-14 11:30:00+00:00,1.52,0.04,2.93,0.6900000000000001,2.0300000000000002
WB,2020-04-15 02:30:00+00:00,1.08,0.0,2.37,0.42,1.53
WB,2020-04-15 11:30:00+00:00,1.05,0.0,2.24,0.35000000000000003,1.4000000000000001
WB,2020-04-16 02:30:00+00:00,0.75,0.0,1.98,0.22,1.1400000000000001
WB,2020-04-16 11:30:00+00:00,1.01,0.0,2.09,0.4,1.37
WB,2020-04-17 02:30:00+00:00,1.0,0.0,2.0300000000000002,0.4,1.34
WB,2020-04-17 11:30:00+00:00,1.17,0.07,2.16,0.5700000000000001,1.52
WB,2020-04-18 02:30:00+00:00,1.05,0.05,2.02,0.52,1.42
WB,2020-04-18 11:30:00+00:00,1.11,0.08,2.06,0.64,1.53
WB,2020-04-19 02:30:00+00:00,1.02,0.04,1.93,0.53,1.3900000000000001
WB,2020-04-19 11:30:00+00:00,1.21,0.14,2.13,0.67,1.55
WB,2020-04-20 02:30:00+00:00,1.17,0.14,2.08,0.64,1.5
WB,2020-04-20 11:30:00+00:00,1.32,0.22,2.21,0.8,1.6500000000000001
WB,2020-04-21 02:30:00+00:00,1.27,0.21,2.14,0.84,1.6600000000000001
WB,2020-04-21 11:30:00+00:00,1.28,0.26,2.16,0.79,1.6
WB,2020-04-22 02:30:00+00:00,1.1300000000000001,0.13,1.95,0.66,1.45
WB,2020-04-22 11:30:00+00:00,1.21,0.2,2.04,0.72,1.51
WB,2020-04-23 02:30:00+00:00,1.1300000000000001,0.14,1.93,0.73,1.5
WB,2020-04-23 11:30:00+00:00,1.34,0.33,2.18,0.89,1.6600000000000001
WB,2020-04-24 02:30:00+00:00,1.29,0.33,2.13,0.88,1.6300000000000001
WB,2020-04-24 11:30:00+00:00,1.37,0.39,2.18,0.93,1.67
WB,2020-04-25 02:30:00+00:00,1.23,0.31,2.04,0.77,1.5
WB,2020-04-25 11:30:00+00:00,1.19,0.27,1.98,0.76,1.48
WB,2020-04-26 02:30:00+00:00,1.0,0.09,1.72,0.5700000000000001,1.28
WB,2020-04-26 11:30:00+00:00,1.03,0.13,1.78,0.58,1.3
WB,2020-04-27 02:30:00+00:00,0.9400000000000001,0.07,1.67,0.52,1.23
WB,2020-04-27 11:30:00+00:00,0.98,0.11,1.74,0.55,1.27
WB,2020-04-28 02:30:00+00:00,0.88,0.02,1.6,0.46,1.17
WB,2020-04-28 11:30:00+00:00,0.88,0.02,1.61,0.42,1.1400000000000001
WB,2020-04-29 02:30:00+00:00,0.78,0.0,1.53,0.37,1.07
WB,2020-04-29 11:30:00+00:00,0.84,0.02,1.6,0.4,1.12
WB,2020-04-30 02:30:00+00:00,0.74,0.0,1.52,0.31,1.01
WB,2020-04-30 11:30:00+00:00,0.6900000000000001,0.0,1.5,0.31,1.0
WB,2020-05-01 02:30:00+00:00,0.5,0.0,1.4000000000000001,0.12,0.77
WB,2020-05-01 11:30:00+00:00,0.91,0.06,1.73,0.43,1.19
WB,2020-05-02 02:30:00+00:00,1.07,0.1,1.87,0.58,1.36
WB,2020-05-02 11:30:00+00:00,1.48,0.48,2.34,1.02,1.79
WB,2020-05-03 02:30:00+00:00,1.52,0.58,2.36,1.12,1.85
WB,2020-05-03 11:30:00+00:00,2.16,1.28,2.94,1.78,2.46
WB,2020-05-04 02:30:00+00:00,2.2,1.4000000000000001,2.92,1.81,2.44
WB,2020-05-04 11:30:00+00:00,2.2800000000000002,1.54,2.94,1.92,2.5
WB,2020-05-05 02:30:00+00:00,2.13,1.42,2.73,1.79,2.33
WB,2020-05-05 11:30:00+00:00,2.0,1.33,2.57,1.69,2.2
WB,2020-05-06 02:30:00+00:00,1.78,1.1500000000000001,2.34,1.49,1.98
WB,2020-05-07 02:30:00+00:00,1.62,1.02,2.18,1.33,1.81
WB,2020-05-08 02:30:00+00:00,1.44,0.8200000000000001,1.97,1.18,1.6500000000000001
WB,2020-05-09 02:30:00+00:00,1.57,0.97,2.1,1.27,1.74
WB,2020-05-10 02:30:00+00:00,1.49,0.9,2.0100000000000002,1.2,1.6600000000000001
WB,2020-05-11 02:30:00+00:00,1.3800000000000001,0.8200000000000001,1.9100000000000001,1.11,1.56
WB,2020-05-12 02:30:00+00:00,1.26,0.67,1.76,0.98,1.43
WB,2020-05-13 02:30:00+00:00,1.08,0.49,1.58,0.8,1.25
WB,2020-05-14 02:30:00+00:00,0.96,0.37,1.47,0.72,1.17
WB,2020-05-15 02:30:00+00:00,0.86,0.26,1.37,0.58,1.04
WB,2020-05-16 02:30:00+00:00,0.91,0.3,1.43,0.61,1.08
WB,2020-05-17 02:30:00+00:00,1.03,0.42,1.56,0.74,1.21
WB,2020-05-18 02:30:00+00:00,1.1500000000000001,0.55,1.68,0.85,1.32
WB,2020-05-19 02:30:00+00:00,1.21,0.62,1.73,0.92,1.3800000000000001
WB,2020-05-20 02:30:00+00:00,1.23,0.66,1.75,0.96,1.41
WB,2020-05-21 02:30:00+00:00,1.16,0.59,1.67,0.87,1.32
WB,2020-05-22 02:30:00+00:00,1.19,0.64,1.71,0.9400000000000001,1.3800000000000001
WB,2020-05-23 02:30:00+00:00,1.2,0.65,1.71,0.92,1.36
WB,2020-05-24 02:30:00+00:00,1.3,0.74,1.79,1.06,1.49
WB,2020-05-25 02:30:00+00:00,1.37,0.8300000000000001,1.86,1.09,1.52
WB,2020-05-26 02:30:00+00:00,1.56,1.04,2.04,1.33,1.74
WB,2020-05-27 02:30:00+00:00,1.6600000000000001,1.1300000000000001,2.1,1.41,1.81
WB,2020-05-28 02:30:00+00:00,1.75,1.25,2.18,1.54,1.92
WB,2020-05-29 02:30:00+00:00,1.7,1.24,2.13,1.47,1.84
WB,2020-05-30 02:30:00+00:00,1.6600000000000001,1.19,2.06,1.43,1.79
WB,2020-05-31 02:30:00+00:00,1.54,1.11,1.95,1.32,1.67
